0	1779	0	0
0	1358	378	0
1	2113	0	0
1	908	385	0
1	1358	1133	0
1	2176	1488	0
2	1358	0	0
2	2843	878	966
3	2333	16	16
3	3244	38	40
3	2129	53	57
3	2143	72	78
3	2359	89	96
3	4319	102	111
3	2000	118	128
3	2430	138	150
3	30	152	166
3	31	167	182
3	294	209	228
3	292	275	301
3	3729	305	334
3	290	327	358
3	4148	372	408
3	2849	404	443
3	2609	432	474
3	2591	458	502
3	291	479	525
3	2792	526	577
3	1785	551	605
3	934	596	654
3	1784	625	686
3	647	643	706
3	2656	677	743
3	921	695	763
3	3977	710	779
3	2065	731	803
3	2167	781	858
4	2373	1050	0
4	238	1235	0
4	1246	1468	0
4	1828	1644	0
4	539	1892	0
4	2917	2224	0
4	251	2523	0
4	2220	2819	0
4	389	3189	0
4	1591	3581	0
4	2788	3919	0
4	2159	4108	0
4	1116	4505	0
5	3987	0	0
5	739	176	0
5	1280	270	0
5	2420	358	0
5	2197	430	0
5	2026	773	0
5	2774	986	0
5	2165	1324	0
6	2197	430	0
6	3139	457	0
6	3976	497	0
6	2024	512	0
6	1948	578	0
6	4283	591	0
7	2116	37	41
7	3993	62	69
7	3352	89	98
7	1428	110	121
7	1834	139	153
7	2715	176	194
7	1918	211	232
7	254	232	256
7	35	296	326
7	2838	357	393
7	6	397	437
7	236	417	459
7	2697	441	485
7	1172	486	535
7	2098	859	945
7	3866	1056	1162
7	2307	1134	1248
7	730	1245	1370
7	4199	1325	1458
7	267	1364	1501
7	265	1414	1556
7	3104	1599	1759
7	4432	1619	1781
7	32	1728	1901
7	3349	1774	1952
7	3048	1800	1980
7	1440	1847	2032
7	3211	1874	2062
7	393	1896	2086
7	2518	1910	2101
7	3343	1983	2182
7	3582	2098	2308
7	3099	2168	2385
7	4130	2218	2440
7	4377	2296	2526
7	166	2377	2615
8	166	0	0
8	1100	14	15
8	3819	62	68
8	4137	87	95
8	1427	115	126
8	1617	169	186
8	3273	201	221
8	4272	258	284
8	2101	373	410
8	2852	419	461
8	3974	441	485
8	1475	492	541
8	1783	570	627
8	3938	653	718
8	1286	798	878
8	3583	870	957
8	3816	957	1052
8	3988	1039	1143
8	352	1104	1214
8	2012	1210	1331
8	1236	1349	1484
8	2717	1419	1561
8	3752	1491	1640
8	1523	1515	1666
8	2724	1588	1747
8	3378	1662	1828
9	112	0	0
9	113	18	20
9	2116	37	41
9	2924	93	102
9	1421	114	125
9	4003	147	162
9	3595	171	188
9	1431	202	222
9	4391	228	251
9	1933	284	312
9	4443	363	399
9	3453	414	455
9	1612	452	497
9	1396	502	552
9	2013	539	593
9	2052	583	641
9	2511	617	679
9	3917	645	710
9	3599	681	749
9	3432	726	799
9	2964	762	838
9	2985	802	882
9	3745	893	982
9	2553	912	1003
9	2587	933	1026
9	4002	956	1052
9	3581	983	1081
9	3256	1019	1121
9	4171	1050	1155
9	1001	1121	1233
9	2797	1179	1297
9	2665	1215	1337
9	1782	1247	1372
9	949	1293	1422
9	919	1356	1492
9	1826	1536	1690
9	2666	1619	1781
9	602	1703	1873
9	2695	1758	1934
9	3130	1780	1958
9	960	1837	2021
9	4195	1897	2087
9	4008	1916	2108
9	1202	1946	2141
9	3763	1994	2193
9	2068	2072	2279
9	2800	2159	2375
9	2737	2209	2430
9	1141	2309	2540
9	4282	2367	2604
9	3319	2450	2695
9	4018	2567	2824
9	4442	2594	2853
10	2102	58	0
10	3716	80	0
10	2145	109	0
10	1191	138	0
10	1429	218	0
10	2020	283	0
10	4124	305	0
10	712	330	0
10	1787	353	0
10	920	375	0
10	2580	410	0
10	3987	440	0
10	541	560	0
10	3140	624	0
11	3987	0	0
11	2162	26	0
12	2418	0	0
12	3399	72	0
12	70	137	0
12	4138	172	0
12	3536	207	0
12	126	266	0
12	1154	305	0
12	3153	352	0
12	3687	546	0
12	3135	609	0
12	4269	667	0
12	2039	747	0
12	1125	816	0
12	3387	948	0
12	266	988	0
12	943	1082	0
12	2165	1363	0
12	2725	1454	0
12	3880	1559	0
12	4131	1665	0
12	2355	1686	0
12	3036	1734	0
12	3212	1766	0
12	978	1801	0
12	1859	1849	0
12	3812	1943	0
12	2754	2008	0
12	273	2043	0
12	2723	2128	0
12	2793	2182	0
12	2199	2253	0
12	654	2317	0
12	153	2501	0
12	2551	2573	0
12	1913	2613	0
12	1002	2651	0
12	3694	2748	0
12	2099	2811	0
12	3064	2865	0
12	1926	2886	0
12	935	2990	0
12	2126	3008	0
12	2184	3057	0
12	1522	3084	0
12	3378	3113	0
12	4090	3125	0
12	3725	3170	0
12	1169	3317	0
12	980	3409	0
12	4170	3501	0
12	0	3550	0
12	390	3656	0
12	2538	3752	0
12	3279	3822	0
12	165	3923	0
12	2	3989	0
12	3189	4060	0
12	3722	4145	0
12	946	4248	0
12	1754	4288	0
12	3107	4336	0
12	3418	4423	0
12	3148	4438	0
13	3218	0	0
13	1779	34	0
13	1352	83	0
13	842	104	0
13	2945	138	0
13	2176	179	0
13	3123	212	0
13	845	270	0
13	846	280	0
13	58	317	0
13	1731	365	0
13	4161	495	0
13	311	561	0
13	3766	600	0
13	299	621	0
13	951	661	0
13	3167	714	0
13	4245	760	0
13	4185	811	0
13	4246	883	0
13	1582	944	0
13	1599	1028	0
13	2866	1077	0
13	926	1123	0
13	3660	1209	0
13	1593	1323	0
13	3141	1404	0
13	4129	1558	0
13	4389	1634	0
13	1753	1703	0
13	3110	1796	0
13	3546	1866	0
13	1500	1933	0
13	1694	2036	0
13	1498	2134	0
13	1950	2241	0
13	3012	2282	0
13	4322	2326	0
13	4390	2379	0
13	1945	2448	0
13	937	2525	0
13	3956	2541	0
13	938	2562	0
13	116	2593	0
13	2328	2681	0
13	3748	2710	0
13	3746	2726	0
13	415	2737	0
13	2664	2757	0
13	410	2770	0
13	3186	2792	0
13	3187	2810	0
13	1708	2825	0
13	2333	2847	0
13	1786	2863	0
13	2832	2885	0
13	2102	2921	0
13	154	2965	0
13	2201	2985	0
13	760	3008	0
13	3150	3042	0
13	2376	3055	0
13	726	3073	0
13	2807	3135	0
13	3765	3167	0
13	1203	3226	0
13	525	3269	0
13	4021	3353	0
13	1633	3398	0
13	3579	3437	0
13	2537	3481	0
13	2830	3543	0
13	2802	3590	0
13	2276	3622	0
13	2418	3698	0
13	725	3782	0
13	4142	3857	0
13	3601	3929	0
13	924	4003	0
13	428	4130	0
13	2558	4191	0
13	112	4231	0
14	845	270	0
14	274	304	0
14	2928	326	0
14	2546	338	0
14	1949	416	0
14	931	470	0
14	930	523	0
14	1023	560	0
14	932	589	0
14	3444	605	0
14	4161	623	0
15	2373	0	0
15	1410	24	0
15	1605	64	0
15	237	106	0
15	353	176	0
15	3825	227	0
15	3093	239	0
15	4330	297	0
16	2773	0	0
16	4285	131	144
16	3270	227	250
16	3277	270	297
16	4086	305	336
16	1942	345	380
16	2780	436	480
16	3500	513	564
16	2795	563	619
16	1479	611	672
16	150	656	722
16	774	711	782
16	2292	731	804
16	2991	772	849
16	1970	821	903
16	3389	909	1000
16	3314	970	1067
16	3496	994	1093
16	3499	1058	1164
16	3731	1098	1208
16	3768	1130	1243
16	904	1202	1322
16	724	1251	1376
16	649	1303	1433
16	3403	1324	1456
16	3498	1369	1506
16	620	1411	1552
16	3063	1436	1580
16	1882	1465	1612
17	112	0	0
17	1038	24	26
17	3941	40	44
17	3059	52	57
17	3094	74	81
17	3037	99	109
17	3068	123	135
17	2590	166	183
17	1430	203	223
17	3569	238	262
17	3580	306	337
17	1200	397	437
17	3076	442	486
17	4388	458	504
17	2878	473	520
17	1946	497	547
17	1307	525	578
17	3687	548	603
18	926	1123	0
18	1968	1229	0
18	1728	1298	0
18	4434	1359	0
18	785	1400	0
18	2789	1484	0
18	2716	1538	0
18	579	1589	0
18	2929	1638	0
18	2534	1668	0
18	1434	1697	0
18	3867	1729	0
18	1675	1774	0
18	1825	1796	0
18	4154	1850	0
18	3443	1895	0
18	4463	1914	0
18	3764	1991	0
18	2777	2046	0
18	3183	2070	0
18	1698	2104	0
18	2432	2152	0
18	1448	2180	0
18	3205	2201	0
18	2089	2259	0
18	1915	2314	0
18	3047	2377	0
18	388	2429	0
18	50	2451	0
18	2773	2475	0
18	3140	2563	0
18	2694	2652	0
18	3288	2706	0
18	169	2763	0
18	739	2831	0
18	3885	2911	0
18	3693	2945	0
18	4305	2987	0
18	1571	3038	0
18	1564	3080	0
18	1567	3119	0
18	2011	3162	0
18	525	3233	0
19	3443	0	0
19	4478	23	0
19	3904	42	0
19	3787	59	0
19	4120	70	0
20	3601	0	0
20	1376	38	42
20	2552	88	97
20	1412	112	123
20	293	144	158
20	3789	178	196
20	717	207	228
20	2704	283	311
20	3762	345	380
20	3651	400	440
20	880	442	486
20	4433	501	551
21	53	0	0
21	170	60	66
21	2605	97	107
21	910	115	127
21	3506	131	144
21	576	147	162
21	2851	168	185
21	4380	191	210
21	1759	211	232
21	2311	234	257
21	1129	270	297
21	2843	314	345
21	821	350	385
21	2604	466	513
21	776	486	535
21	445	510	561
21	2603	527	580
21	4077	558	614
22	2702	0	0
22	1296	13	0
22	91	20	0
22	883	30	0
22	542	36	0
22	555	47	0
22	2989	58	0
22	3079	63	0
22	2489	71	0
22	1190	88	0
22	744	99	0
22	3393	114	0
22	69	132	0
22	1255	158	0
22	3043	178	0
22	4481	197	0
22	3950	225	0
22	656	242	0
22	1380	260	0
22	4374	276	0
22	1792	287	0
22	873	303	0
22	2817	333	0
22	3363	354	0
22	3231	392	0
22	2090	435	0
22	2149	459	0
22	1503	489	0
22	3454	516	0
22	1569	572	0
22	1673	647	0
22	3156	694	0
22	3860	733	0
22	986	806	0
22	1676	881	0
22	2234	907	0
22	309	954	0
22	2271	1018	0
22	616	1095	0
22	887	1157	0
22	3737	1212	0
22	578	1271	0
22	1146	1316	0
22	1087	1355	0
22	4172	1418	0
22	3159	1466	0
22	3078	1518	0
22	2938	1578	0
22	1580	1633	0
22	2372	1673	0
22	1590	1715	0
22	2806	1767	0
22	2095	1820	0
22	2150	1854	0
22	2092	1882	0
22	1532	1929	0
22	320	1974	0
22	4233	2034	0
22	1027	2088	0
22	2258	2151	0
22	100	2218	0
22	1670	2267	0
22	3562	2324	0
22	1774	2369	0
22	4150	2407	0
22	2264	2466	0
22	3121	2503	0
22	148	2545	0
22	3832	2595	0
22	1123	2640	0
22	4005	2694	0
22	3611	2728	0
22	3433	2788	0
22	2533	2819	0
22	1667	2859	0
22	3642	2893	0
22	1014	2949	0
22	1700	2986	0
22	2104	3068	0
22	3390	3110	0
22	1405	3153	0
22	784	3201	0
22	3674	3231	0
22	2612	3277	0
22	515	3342	0
22	2473	3379	0
22	2944	3414	0
22	3982	3441	0
22	2353	3463	0
22	2921	3473	0
22	2319	3518	0
22	3395	3558	0
22	496	3599	0
22	4403	3622	0
22	1680	3635	0
22	1935	3652	0
22	3840	3752	0
22	144	3772	0
22	1981	3816	0
22	1063	3866	0
22	3854	3915	0
22	1689	3950	0
22	2454	4011	0
22	2313	4078	0
22	642	4115	0
22	2987	4162	0
22	300	4235	0
22	4297	4270	0
22	3259	4312	0
22	2025	4344	0
22	205	4378	0
22	381	4451	0
22	4267	4480	0
22	3531	4523	0
22	3796	4599	0
22	4420	4651	0
22	3912	4701	0
22	1131	4777	0
22	4441	4811	0
22	1392	4875	0
22	4118	4922	0
22	3262	5000	0
22	3263	5057	0
22	304	5114	0
22	3508	5168	0
22	2112	5186	0
22	3696	5215	0
22	4226	5251	0
22	507	5296	0
22	2323	5335	0
22	4162	5353	0
23	3179	0	0
23	1424	28	31
23	208	96	106
23	3597	230	253
23	4113	301	331
23	209	360	396
23	2554	427	470
23	1124	477	525
23	60	532	585
23	2044	555	611
23	872	584	642
24	3246	0	0
24	2916	34	37
24	3783	55	61
24	1711	73	80
24	4110	90	99
24	2107	103	113
24	1885	118	130
24	4108	175	193
24	2487	196	216
24	786	218	240
24	1133	243	267
24	805	258	284
24	3223	275	303
24	1110	295	325
24	3543	321	353
24	2486	342	376
24	2495	381	419
24	1917	400	440
24	4426	431	474
24	558	458	504
24	4423	484	532
24	1884	544	598
24	4424	617	679
24	1524	649	714
25	3611	0	0
25	1846	38	0
25	3126	69	0
25	59	146	0
25	359	212	0
25	2703	245	0
25	800	288	0
25	2298	348	0
25	4372	401	0
25	736	456	0
25	2398	499	0
25	75	561	0
25	2847	644	0
25	593	683	0
25	1196	750	0
25	4136	778	0
25	1912	818	0
25	4239	871	0
25	1445	890	0
25	590	919	0
25	3989	936	0
25	658	949	0
25	2383	970	0
25	2680	983	0
25	2679	1004	0
25	3926	1034	0
25	2241	1063	0
25	1840	1081	0
25	3417	1106	0
25	4119	1135	0
25	2345	1215	0
25	762	1269	0
25	1382	1308	0
25	122	1337	0
25	3675	1403	0
25	2154	1486	0
25	322	1542	0
25	592	1613	0
25	3861	1640	0
25	1152	1732	0
25	814	1803	0
25	3165	1858	0
25	534	1944	0
25	4339	1984	0
25	3933	2044	0
25	1214	2071	0
25	4296	2104	0
25	2086	2145	0
25	2217	2178	0
25	2524	2212	0
25	4215	2244	0
25	4337	2283	0
25	1764	2347	0
25	248	2398	0
25	866	2470	0
25	2236	2530	0
25	1245	2606	0
25	4022	2654	0
25	563	2719	0
25	855	2800	0
25	4471	2854	0
25	4365	2923	0
25	85	2987	0
25	2625	3058	0
25	1158	3083	0
25	738	3117	0
25	788	3189	0
25	559	3222	0
25	257	3236	0
25	3252	3275	0
25	1621	3330	0
25	1106	3384	0
25	4164	3451	0
25	1389	3494	0
25	3420	3554	0
25	2652	3603	0
25	2784	3655	0
25	3656	3722	0
25	3802	3795	0
25	2395	3849	0
25	3128	3881	0
25	3289	3935	0
25	2042	3977	0
25	824	4029	0
25	2096	4094	0
25	2239	4165	0
25	2606	4223	0
25	256	4272	0
25	2922	4320	0
25	881	4353	0
25	295	4407	0
25	3553	4471	0
25	2831	4498	0
25	1282	4534	0
25	1414	4566	0
25	2956	4621	0
25	2525	4672	0
25	2651	4734	0
25	2602	4788	0
25	2113	4806	0
25	53	4845	0
26	3420	0	0
26	3162	39	43
26	4082	61	67
26	1423	93	102
26	2813	112	123
26	1898	141	155
26	3425	180	198
26	3251	227	250
26	2421	245	270
26	86	261	287
26	506	291	320
26	867	399	439
26	2091	423	465
26	3831	447	492
26	2215	466	513
26	4106	509	560
26	4107	536	590
26	537	560	616
26	3720	579	637
26	4328	614	675
26	3600	669	736
26	3556	708	779
26	737	729	802
26	2765	760	836
26	1085	790	869
26	838	839	923
26	2316	860	946
26	1390	906	997
26	4112	933	1026
26	4105	974	1071
26	130	1038	1142
26	2974	1083	1191
26	1697	1110	1221
26	4111	1145	1260
26	2857	1169	1286
26	1453	1195	1315
26	1765	1257	1383
26	4109	1317	1449
26	2655	1341	1475
26	360	1389	1528
26	3291	1419	1561
26	3638	1447	1592
26	1282	1472	1619
27	824	0	0
27	3361	36	40
27	741	83	91
27	815	148	163
27	2216	173	190
27	1896	203	223
27	2829	223	245
27	2252	247	272
27	2818	292	321
27	2005	325	358
27	1102	372	409
27	4418	408	449
27	3250	427	470
27	4299	470	517
27	163	511	562
27	2509	578	636
27	4340	666	733
27	201	693	762
27	1745	733	806
27	63	769	846
27	3	819	901
27	3830	891	980
27	1442	919	1011
27	2360	932	1025
27	861	979	1077
27	3362	1020	1122
27	1660	1069	1176
28	4162	0	0
28	1209	28	31
28	4243	49	54
28	1215	99	109
28	1515	356	392
28	3835	436	480
28	3542	522	574
28	1253	615	677
28	3216	657	723
28	4421	735	809
28	3301	826	909
28	4133	870	957
28	3457	915	1007
28	1609	942	1036
28	2322	988	1087
28	4055	1021	1123
28	2342	1041	1145
28	2601	1113	1224
28	2808	1175	1293
28	4427	1286	1415
28	991	1308	1439
28	511	1336	1470
28	2954	1400	1540
28	1482	1418	1560
28	831	1452	1597
28	628	1492	1641
28	4394	1514	1665
28	1144	1575	1733
29	3611	0	0
29	4372	401	0
29	2398	499	0
29	75	561	0
29	1196	750	0
29	4239	871	0
29	2679	1004	0
29	1840	1081	0
29	4119	1135	0
29	762	1269	0
29	2154	1486	0
30	3262	0	0
30	3111	35	39
30	2177	64	70
30	987	83	91
30	2626	127	140
30	3317	159	175
30	517	217	239
30	4070	251	276
30	1065	312	343
30	3821	336	370
30	202	364	400
30	510	393	432
30	186	411	452
30	2722	460	506
30	43	503	553
30	508	538	592
30	3537	566	623
30	119	612	673
30	1156	654	719
30	4419	737	811
30	2827	796	876
30	3836	832	915
30	1691	865	952
30	1144	902	992
31	738	0	0
31	2691	51	56
31	1199	83	91
31	3655	104	114
31	2682	132	145
31	3676	149	164
31	4457	189	208
31	3241	237	261
31	890	264	290
32	2999	0	0
32	1319	61	0
32	2247	102	0
32	1212	139	0
32	2608	178	0
32	2841	215	0
32	2003	260	0
32	1069	303	0
32	1118	353	0
32	2855	391	0
32	3535	447	0
32	1813	480	0
32	3545	516	0
32	521	552	0
32	4117	594	0
32	3818	665	0
32	695	714	0
32	1595	783	0
32	440	826	0
32	686	875	0
32	1308	928	0
32	3686	959	0
32	3145	1010	0
32	1627	1054	0
32	155	1098	0
32	477	1157	0
32	1717	1201	0
32	1904	1232	0
32	597	1289	0
32	585	1334	0
32	2648	1394	0
32	3640	1460	0
32	3091	1511	0
32	184	1547	0
32	1373	1574	0
32	1843	1604	0
32	3383	1637	0
32	1807	1669	0
32	4147	1733	0
32	3986	1759	0
32	4295	1791	0
32	3624	1861	0
32	4123	1897	0
32	1690	1948	0
32	1197	1985	0
32	1360	2034	0
32	1714	2092	0
32	3008	2147	0
32	3098	2231	0
32	565	2289	0
32	560	2360	0
32	994	2407	0
32	562	2437	0
32	494	2502	0
32	3927	2518	0
32	2072	2584	0
32	1101	2617	0
32	200	2657	0
32	561	2690	0
32	85	2717	0
33	866	0	0
33	1384	36	40
33	566	54	59
33	4275	77	85
33	564	110	121
33	556	140	154
33	1035	168	185
33	1920	203	223
33	2237	228	251
33	1854	312	343
33	2450	355	391
33	71	536	590
33	3312	569	626
33	1969	596	656
33	1626	651	716
33	773	696	766
33	4162	756	832
34	1392	0	0
34	4217	21	23
34	710	52	57
34	3644	84	92
34	2471	121	133
34	4331	143	157
34	499	181	199
34	4449	203	223
34	4302	288	317
34	3730	352	387
34	4303	391	430
34	1588	443	487
34	1738	496	546
34	3530	516	568
34	33	534	587
34	4230	566	623
34	4337	611	672
35	2702	0	0
35	542	36	0
35	873	303	0
35	986	806	0
35	616	1095	0
35	2938	1578	0
35	2150	1854	0
35	1670	2267	0
35	3611	2728	0
35	2105	3068	0
35	2319	3518	0
35	3690	3950	0
35	1566	4162	0
35	381	4451	0
35	3913	4701	0
35	1392	4875	0
35	2177	5000	0
35	4162	5353	0
35	509	5664	0
35	3114	6010	0
35	3246	6319	0
35	1976	6680	0
35	2113	7137	0
36	381	0	0
36	3823	57	63
36	4422	137	151
36	518	175	193
36	4425	213	234
36	1613	233	256
36	2002	261	287
36	2286	306	337
36	2325	398	438
36	1713	434	477
36	4190	476	524
36	992	497	547
36	3000	553	608
36	1608	620	682
37	3801	0	0
37	4480	32	35
37	3176	62	68
37	4409	103	113
37	3924	136	150
37	4211	175	193
38	1689	0	0
38	1216	35	39
38	4458	62	68
38	3801	128	141
38	1040	171	188
38	1138	212	233
38	2350	237	261
38	305	279	307
38	4398	309	340
38	4467	359	395
38	3869	370	407
38	1897	383	421
38	652	424	466
38	954	447	492
39	51	0	0
39	2319	5	0
39	2629	13	0
39	4054	24	0
39	4412	32	0
39	3010	40	0
39	1705	56	0
39	3615	77	0
39	4405	86	0
39	2865	103	0
39	2410	126	0
39	1615	144	0
39	3065	152	0
39	3772	160	0
39	3386	172	0
39	4411	203	0
39	3841	232	0
39	2371	255	0
39	2667	273	0
39	4408	286	0
39	4399	308	0
39	2711	322	0
39	3177	334	0
39	4401	360	0
39	1103	376	0
39	4273	402	0
39	3449	416	0
39	4397	431	0
39	306	452	0
39	3721	466	0
39	4416	476	0
39	305	490	0
40	496	0	0
40	2200	25	0
40	4430	42	0
41	1689	0	0
41	1379	45	50
41	4414	66	73
41	3690	94	103
41	2597	121	133
41	3090	159	175
41	3360	191	210
41	3028	219	241
41	513	248	273
41	4284	258	284
41	1195	286	315
41	275	324	356
41	1271	388	427
41	2973	427	470
41	2972	449	494
41	2886	500	550
41	1799	553	608
41	62	611	672
41	2460	628	691
41	4135	656	722
41	862	695	765
41	582	715	787
41	2312	750	825
41	3412	810	891
41	2899	828	911
41	3979	892	981
41	2154	941	1035
42	2154	0	0
42	3820	75	83
42	588	106	117
42	2644	129	142
42	3691	170	187
42	2406	248	273
42	1473	311	342
42	1242	349	384
42	3995	389	428
42	184	430	473
43	1445	0	0
43	3371	31	34
43	598	65	72
43	586	95	105
43	594	110	121
43	3972	135	149
43	1820	153	168
43	3061	164	180
43	589	193	212
43	2004	223	245
43	157	243	267
44	2319	0	0
44	2707	32	0
44	1409	48	0
44	1444	65	0
44	2714	75	0
44	1539	86	0
44	1527	101	0
44	4400	127	0
44	187	152	0
44	4404	206	0
44	1544	237	0
44	1829	287	0
44	911	338	0
44	985	425	0
44	4257	487	0
44	2380	524	0
44	2477	549	0
44	590	580	0
45	2989	58	0
45	3894	70	0
45	3981	92	0
45	1408	110	0
45	188	135	0
45	1218	157	0
45	1120	176	0
45	3844	215	0
45	1438	236	0
45	3859	249	0
45	2189	265	0
45	1398	278	0
45	3959	303	0
45	1064	327	0
45	1387	350	0
45	167	371	0
45	2684	398	0
45	2815	432	0
45	3641	492	0
45	1870	513	0
45	570	564	0
45	3493	603	0
45	194	630	0
45	2624	696	0
45	1297	757	0
45	2399	822	0
45	288	858	0
45	3258	923	0
45	522	977	0
45	2787	1046	0
45	613	1093	0
45	68	1151	0
45	3937	1211	0
45	1094	1269	0
45	1893	1311	0
45	2699	1358	0
45	871	1432	0
45	3490	1478	0
45	3485	1527	0
45	901	1582	0
45	2211	1624	0
45	2396	1683	0
45	3992	1728	0
45	351	1774	0
45	830	1845	0
45	2934	1890	0
45	540	1936	0
45	318	2008	0
45	4316	2073	0
45	606	2108	0
45	486	2152	0
45	1512	2206	0
45	4364	2250	0
45	3465	2298	0
45	2250	2334	0
45	3557	2382	0
45	1454	2436	0
45	2465	2467	0
45	2779	2536	0
45	4376	2588	0
45	847	2637	0
45	3659	2695	0
45	2955	2744	0
45	4157	2793	0
45	940	2833	0
45	490	2882	0
45	3304	2927	0
45	1059	3002	0
45	2988	3069	0
45	2339	3128	0
45	1733	3172	0
45	2161	3214	0
45	1814	3269	0
45	4248	3318	0
45	3284	3360	0
45	4469	3410	0
45	791	3442	0
45	515	3495	0
46	27	0	0
46	2949	13	14
46	3105	31	34
46	21	65	71
46	15	113	124
46	3144	148	163
46	3001	168	185
46	4451	189	208
46	19	216	237
46	2710	260	286
46	13	297	326
46	25	333	366
46	1761	369	406
46	2426	396	435
46	20	415	456
46	18	437	480
46	24	454	499
46	3295	512	563
46	23	551	606
46	17	583	641
46	9	608	669
46	3780	636	699
46	12	700	770
46	26	732	805
46	8	754	829
46	14	809	890
46	10	839	923
46	2457	884	972
46	804	1092	1201
46	481	1156	1271
46	1183	1187	1305
46	689	1231	1354
46	548	1270	1397
46	696	1295	1424
46	4232	1316	1447
46	1624	1352	1487
47	486	0	0
47	57	48	53
47	894	103	113
47	675	183	201
47	1284	263	289
47	2942	367	404
47	965	401	441
47	1303	466	513
47	2261	499	549
47	794	543	597
47	492	587	646
47	3684	625	688
47	1121	695	765
47	4035	737	811
47	4134	798	878
47	1670	856	942
48	1670	0	0
48	1671	34	0
48	1355	79	0
48	96	118	0
48	3327	154	0
48	2885	208	0
48	2223	273	0
48	423	293	0
48	2297	310	0
48	1257	334	0
48	422	367	0
48	897	411	0
48	3328	512	0
48	3413	572	0
48	3555	600	0
48	27	646	0
48	2826	701	0
48	735	732	0
48	1934	751	0
48	631	775	0
48	16	795	0
48	1388	812	0
48	4258	911	0
48	902	972	0
48	966	1010	0
48	3161	1062	0
48	1193	1113	0
48	2734	1180	0
48	2809	1213	0
48	3510	1284	0
48	1137	1336	0
48	2607	1370	0
48	3886	1444	0
48	260	1486	0
48	3379	1525	0
48	1824	1556	0
48	3803	1584	0
48	1892	1619	0
48	1768	1657	0
48	1401	1675	0
48	2158	1700	0
48	3416	1728	0
48	2999	1756	0
49	2003	0	0
49	3066	30	0
49	1845	63	0
49	1594	93	0
49	2794	123	0
49	3297	158	0
49	2995	177	0
49	782	203	0
49	3415	223	0
49	2992	273	0
50	873	303	0
50	1545	647	0
50	3775	860	0
50	2373	1050	0
50	2228	1516	0
50	700	1992	0
50	651	2289	0
50	2894	2706	0
50	2640	2938	0
50	2992	3339	0
51	2373	0	0
51	2375	28	0
51	427	40	0
51	2187	73	0
51	1602	121	0
51	4183	177	0
51	2007	211	0
51	1953	275	0
51	2613	305	0
51	531	363	0
51	3137	414	0
51	1763	466	0
51	1208	537	0
51	3943	591	0
51	4313	627	0
51	2819	693	0
51	2627	801	0
51	694	874	0
51	484	911	0
51	700	942	0
51	286	1006	0
51	801	1046	0
51	2219	1056	0
51	1937	1079	0
51	4078	1118	0
51	386	1184	0
51	651	1239	0
51	4174	1270	0
51	1624	1322	0
51	698	1347	0
51	1436	1381	0
51	685	1428	0
51	947	1494	0
51	691	1566	0
51	4049	1626	0
52	700	0	0
52	1305	18	0
53	1066	0	0
53	3370	16	18
53	3077	50	55
53	199	66	73
53	1244	99	109
53	3102	128	141
53	4387	150	165
53	301	187	206
53	903	227	250
53	328	248	273
53	3875	294	323
53	933	324	356
53	1485	362	398
53	2673	390	429
53	3714	415	457
53	41	458	504
53	4015	478	526
53	4348	498	548
53	1447	517	569
53	530	538	592
53	3804	578	636
53	690	624	686
53	678	649	714
53	611	687	756
53	609	703	773
53	2993	723	795
53	2670	744	818
53	1721	763	839
53	56	777	855
53	2300	792	871
53	3207	807	888
53	2992	838	922
54	3385	0	0
54	1403	20	22
54	2640	45	49
54	2639	71	78
54	3073	94	103
54	4348	125	137
54	4224	151	166
54	4229	174	191
55	2834	1908	0
55	1578	1935	0
55	1788	1979	0
55	2828	2002	0
55	1091	2020	0
55	2222	2048	0
55	1032	2084	0
55	4373	2143	0
55	1049	2182	0
55	750	2204	0
55	1526	2234	0
55	1066	2271	0
55	433	2301	0
55	4200	2330	0
55	1407	2356	0
55	697	2389	0
55	2915	2416	0
55	2599	2466	0
55	681	2513	0
55	4386	2541	0
55	3795	2582	0
55	4049	2608	0
55	2894	2638	0
55	1418	2663	0
55	928	2707	0
55	3932	2752	0
55	975	2793	0
55	2705	2819	0
55	1903	2854	0
55	3385	2870	0
55	3760	2908	0
55	1228	2946	0
55	3264	2987	0
55	2411	3019	0
55	4192	3056	0
55	3697	3087	0
55	2999	3119	0
55	1858	3134	0
55	899	3157	0
55	1223	3206	0
55	679	3230	0
55	2992	3271	0
56	685	0	0
56	604	35	39
56	680	86	95
56	1614	139	153
56	549	183	202
56	2719	214	236
56	2821	263	290
56	699	292	321
56	692	322	354
56	687	346	381
56	2631	388	427
56	693	418	460
56	123	442	486
56	4166	470	517
56	4333	501	551
56	3540	520	572
56	1989	549	604
56	3031	570	627
56	1597	591	650
56	1176	613	675
56	1180	656	722
56	2727	692	761
56	1990	729	802
56	1374	762	838
56	251	775	853
56	3245	821	903
56	1022	879	967
56	1161	898	988
56	2472	928	1021
56	1983	945	1040
56	2803	967	1064
57	2007	0	0
57	1117	55	61
57	630	77	85
57	961	119	131
57	962	137	151
57	371	164	180
57	2868	198	218
57	1603	229	252
57	1762	263	289
57	4187	280	308
57	500	305	336
57	1290	370	407
57	2918	420	462
57	1601	442	486
57	3266	464	510
57	3626	493	542
57	3870	522	574
57	865	553	608
58	2187	0	0
58	3799	25	0
58	3800	63	0
58	1730	95	0
58	342	153	0
58	1536	211	0
58	502	275	0
58	1480	315	0
58	981	371	0
58	4270	417	0
58	118	462	0
58	2781	533	0
58	1879	578	0
58	520	651	0
58	856	692	0
58	2760	736	0
58	984	790	0
58	986	844	0
59	3937	0	0
59	3486	19	21
59	3492	41	45
59	1770	65	72
59	2055	78	86
59	2856	90	99
59	1184	101	111
59	3489	134	147
59	657	167	184
59	1966	181	199
59	3488	234	257
59	2496	288	317
59	3154	325	358
59	4240	352	387
59	2877	379	417
59	2038	407	448
59	1789	441	485
59	1168	473	520
59	3627	518	570
59	3491	556	612
59	2071	620	682
59	4255	669	736
59	3402	710	781
59	3947	738	812
59	488	749	824
59	493	813	894
59	2556	864	950
59	2863	888	977
59	491	905	996
59	487	970	1067
59	1866	1000	1100
59	489	1053	1158
59	3157	1101	1211
59	1283	1126	1239
59	319	1153	1268
59	1281	1222	1344
59	927	1260	1386
59	4202	1289	1418
59	495	1321	1453
59	100	1375	1513
60	1184	101	111
60	3971	126	139
60	3129	137	151
60	1250	168	185
60	4181	183	201
60	3487	196	216
61	986	0	0
61	936	49	0
61	4281	66	0
61	3450	83	0
61	1263	104	0
61	2501	125	0
61	2061	162	0
61	3004	223	0
61	4259	259	0
61	503	296	0
61	3213	328	0
61	3618	370	0
61	408	401	0
61	1053	433	0
61	1962	485	0
61	2787	502	0
62	3737	0	0
62	2064	39	43
62	2997	59	65
62	1657	83	91
62	783	127	140
62	1718	153	168
62	2414	175	193
62	1239	204	224
63	616	0	0
63	2654	48	53
63	1130	143	157
63	3685	224	246
63	2063	282	310
63	439	339	373
63	2984	405	446
64	873	0	0
64	4067	42	0
64	94	82	0
64	1371	99	0
64	914	118	0
64	1441	164	0
64	1656	200	0
64	1397	243	0
64	3605	273	0
64	1494	296	0
64	1545	344	0
64	1045	410	0
64	3604	458	0
64	885	501	0
64	3773	557	0
64	2240	597	0
64	2188	642	0
64	1556	703	0
64	2373	747	0
65	4372	0	0
65	4016	31	34
65	3103	65	72
65	2975	96	106
65	2540	125	138
65	587	169	186
65	425	194	213
65	438	230	253
65	3204	273	300
65	591	301	331
65	2668	347	382
65	595	439	483
65	283	500	550
65	596	547	602
65	913	583	641
65	684	678	746
65	683	731	804
65	688	797	877
65	682	835	919
65	1813	907	998
66	2702	0	0
66	4286	8	0
66	2178	19	0
66	3282	31	0
66	2497	46	0
66	1982	68	0
66	767	92	0
66	877	114	0
66	1148	144	0
66	1260	182	0
66	2660	217	0
66	2144	248	0
66	3372	270	0
66	4338	288	0
66	3759	318	0
66	3408	367	0
66	2762	409	0
66	857	465	0
66	3639	511	0
66	2620	548	0
66	2559	586	0
66	3541	638	0
66	763	678	0
66	3115	731	0
66	1646	777	0
66	1235	808	0
66	941	839	0
66	3287	860	0
66	3147	904	0
66	3858	958	0
66	4289	991	0
66	146	1046	0
66	1300	1145	0
66	3909	1207	0
66	3138	1262	0
66	1090	1303	0
66	3299	1328	0
66	3401	1374	0
66	4362	1413	0
66	3631	1462	0
66	3636	1497	0
66	2131	1525	0
66	1302	1549	0
66	4279	1584	0
66	896	1643	0
66	2022	1690	0
66	1511	1742	0
66	3388	1777	0
66	1967	1802	0
66	174	1845	0
66	4145	1866	0
66	4173	1937	0
66	3100	1970	0
66	3634	2003	0
66	4437	2049	0
66	2019	2078	0
66	1122	2129	0
66	1354	2222	0
66	1039	2293	0
66	28	2346	0
66	3625	2381	0
66	505	2459	0
66	2799	2488	0
66	2688	2527	0
66	3281	2571	0
66	2388	2624	0
66	3791	2675	0
66	3726	2698	0
66	191	2729	0
66	4462	2766	0
66	2155	2824	0
66	3653	2867	0
66	2804	2936	0
66	3057	2984	0
66	7	3021	0
66	3890	3052	0
66	3898	3083	0
66	1309	3106	0
66	3893	3129	0
66	1901	3155	0
66	1641	3185	0
66	36	3216	0
66	882	3259	0
66	3034	3301	0
66	234	3337	0
66	3888	3363	0
66	3374	3381	0
66	3168	3397	0
66	1243	3416	0
66	22	3435	0
66	860	3465	0
66	1326	3495	0
66	3952	3518	0
66	822	3536	0
66	1050	3568	0
66	152	3608	0
66	1126	3627	0
66	950	3636	0
66	2937	3660	0
66	3584	3700	0
66	1476	3738	0
66	404	3771	0
66	997	3831	0
66	1367	3886	0
66	1496	3963	0
66	3050	3995	0
66	3758	4023	0
66	781	4100	0
66	2513	4181	0
66	2295	4238	0
66	1067	4309	0
66	754	4352	0
66	1886	4398	0
66	3793	4459	0
66	3461	4519	0
66	4001	4552	0
66	1266	4583	0
66	394	4620	0
66	3171	4657	0
66	156	4708	0
66	755	4743	0
66	1997	4783	0
66	4194	4839	0
66	4167	4870	0
66	4396	4891	0
66	1510	4914	0
66	3962	4939	0
66	2302	4966	0
66	312	4991	0
66	2327	5019	0
66	826	5036	0
66	4249	5081	0
66	1322	5136	0
66	3029	5161	0
66	1099	5189	0
66	4089	5200	0
66	2895	5237	0
66	4247	5277	0
66	2021	5299	0
66	2390	5352	0
66	2290	5381	0
66	2206	5398	0
66	432	5418	0
66	2326	5447	0
66	1362	5464	0
66	2245	5488	0
66	3452	5519	0
66	2124	5526	0
66	795	5564	0
66	2598	5598	0
66	177	5641	0
66	2461	5671	0
66	1634	5693	0
66	3080	5718	0
66	1836	5733	0
66	128	5756	0
66	1652	5770	0
66	2291	5785	0
66	2285	5801	0
66	4436	5823	0
66	3862	5837	0
66	2940	5846	0
66	1906	5870	0
66	4149	5878	0
66	1659	5895	0
67	2702	0	0
67	2174	12	0
67	3322	23	0
67	1491	48	0
67	1219	63	0
67	3529	82	0
67	2140	100	0
67	1625	128	0
67	363	154	0
67	4152	174	0
67	2034	190	0
67	3089	206	0
67	3679	232	0
67	3436	250	0
67	2622	267	0
67	3811	296	0
67	3810	316	0
67	2138	332	0
67	400	359	0
67	3072	378	0
67	2585	392	0
67	3404	401	0
67	2600	434	0
67	4363	469	0
67	4155	511	0
67	1832	553	0
67	3975	593	0
67	713	622	0
67	4205	659	0
67	3330	717	0
67	2978	769	0
67	3829	825	0
67	4334	868	0
67	243	906	0
67	4324	937	0
67	3455	988	0
67	109	1036	0
67	242	1063	0
67	1559	1092	0
67	1890	1118	0
67	3834	1173	0
67	2545	1205	0
68	942	0	0
68	91	9	0
68	104	20	0
68	4395	28	0
68	1491	43	0
69	1832	161	0
69	1965	225	0
69	2970	292	0
69	1528	361	0
69	2961	416	0
69	2031	477	0
69	833	522	0
69	1899	561	0
69	1105	597	0
69	2243	636	0
69	982	688	0
69	1844	738	0
69	2032	790	0
69	2033	823	0
69	1930	871	0
69	3834	915	0
70	167	0	0
70	3353	34	0
70	1726	63	0
70	196	89	0
70	3629	121	0
70	1350	140	0
70	1720	183	0
70	131	232	0
70	2035	278	0
70	2970	329	0
71	2970	0	0
71	1501	98	0
71	2971	108	0
72	1105	0	0
72	2214	30	33
72	354	52	57
72	3178	104	114
72	1061	142	156
72	1060	174	191
73	2702	0	0
73	3191	12	0
73	662	28	0
73	1943	54	0
73	2134	74	0
73	1046	106	0
73	3792	127	0
73	2122	161	0
73	365	182	0
73	3662	226	0
73	4006	260	0
73	2170	283	0
73	1018	317	0
73	1610	337	0
73	401	353	0
73	2586	390	0
73	2341	430	0
74	365	0	0
74	3089	59	0
74	4006	113	0
75	2341	38	0
75	3280	72	0
75	4276	94	0
75	1755	131	0
75	164	189	0
75	2891	243	0
75	2344	282	0
75	516	313	0
75	1361	351	0
75	1469	421	0
75	52	458	0
75	844	504	0
75	1877	545	0
75	1083	589	0
75	2434	640	0
75	3271	678	0
75	3755	713	0
75	218	746	0
75	485	775	0
75	2778	836	0
75	2935	859	0
75	2476	897	0
75	1688	955	0
75	2576	1004	0
75	2581	1024	0
75	3999	1060	0
75	4472	1106	0
75	727	1152	0
75	3670	1198	0
75	220	1232	0
76	2585	0	0
76	3778	14	0
76	2341	38	0
76	1150	88	0
76	3777	126	0
76	2740	181	0
76	761	229	0
76	2903	253	0
76	3782	277	0
76	2192	314	0
76	4156	343	0
76	4208	389	0
76	1078	430	0
76	2811	462	0
76	2356	493	0
76	2548	521	0
76	3883	537	0
76	853	572	0
76	2960	605	0
76	1000	654	0
76	1093	709	0
76	632	745	0
76	1079	772	0
76	2962	805	0
76	224	843	0
76	212	877	0
76	220	933	0
77	761	0	0
77	3614	33	36
77	2701	58	64
77	1600	96	106
77	2978	138	152
78	1361	0	0
78	1495	26	29
78	1081	42	46
78	3377	61	67
78	4336	93	102
78	3451	108	119
78	3809	139	153
78	2050	152	167
78	976	182	200
78	2515	200	220
78	1575	226	249
78	3548	257	283
78	1082	283	311
78	1080	322	354
79	3666	0	0
79	1433	17	0
79	3055	39	0
79	2142	74	0
79	2114	130	0
79	3407	157	0
79	2994	197	0
79	1372	228	0
79	3022	278	0
79	4092	298	0
79	3950	317	0
79	3358	354	0
79	3375	392	0
79	3968	435	0
79	1696	463	0
79	4345	482	0
79	4347	498	0
79	2190	513	0
79	3907	534	0
79	3994	554	0
79	2189	575	0
79	2195	616	0
79	3440	640	0
79	364	659	0
79	3680	689	0
79	3089	718	0
80	2989	58	0
80	905	84	0
80	69	134	0
81	279	48	0
81	356	66	0
81	2212	83	0
81	69	103	0
81	1370	118	0
81	553	134	0
81	2757	158	0
81	2756	171	0
81	1415	185	0
81	4092	209	0
81	2842	221	0
81	4017	238	0
81	4375	254	0
81	1449	265	0
81	873	283	0
82	2153	106	0
82	2123	119	0
82	2385	133	0
82	4126	142	0
82	279	154	0
82	827	172	0
82	2260	183	0
82	1735	190	0
82	2489	206	0
83	1296	-90	0
83	942	-77	0
83	2246	-69	0
83	246	-60	0
83	368	-45	0
83	4367	-37	0
83	1992	-24	0
83	2320	-17	0
83	4381	-7	0
83	2153	0	0
83	789	14	0
83	3411	25	0
83	2864	44	0
83	1629	58	0
83	102	70	0
83	900	84	0
83	3035	103	0
83	1450	122	0
83	3921	138	0
83	4095	154	0
83	3381	171	0
83	4093	188	0
83	1683	211	0
83	3055	225	0
83	1537	242	0
83	2458	272	0
83	3518	305	0
83	2798	328	0
83	3242	371	0
83	3082	395	0
83	2366	428	0
83	1822	523	0
83	3646	560	0
83	544	595	0
83	1939	637	0
83	4213	673	0
83	2814	709	0
83	1891	750	0
83	828	775	0
83	3254	836	0
83	1848	901	0
83	1021	962	0
83	1095	1022	0
83	732	1066	0
83	3448	1098	0
83	4264	1119	0
83	1076	1147	0
83	284	1175	0
83	1802	1209	0
83	1658	1238	0
83	4392	1283	0
83	1936	1324	0
83	3124	1367	0
83	2186	1409	0
83	161	1444	0
83	3519	1498	0
83	2896	1560	0
83	1725	1634	0
83	1988	1679	0
83	3649	1726	0
83	2272	1758	0
83	55	1777	0
83	2583	1849	0
83	1187	1916	0
83	2056	1960	0
83	888	2001	0
83	3942	2079	0
83	1938	2118	0
84	2702	0	0
84	1982	68	68
84	2198	288	288
84	941	839	839
84	146	1046	1046
84	3909	1207	1207
84	2185	1462	1462
84	1967	1802	1802
84	1039	2293	2293
84	3281	2571	2571
84	2804	2936	2936
84	3888	3363	3363
84	2937	3660	3660
84	1497	3963	3963
84	3793	4459	4459
84	1322	5136	5136
84	2124	5526	5526
84	2141	5895	5895
84	3016	6123	6123
84	3525	6443	6443
84	4	6650	6650
84	889	7329	7329
84	2135	7581	7581
84	3622	7912	7912
84	2127	8113	8113
84	4034	8228	8228
84	3430	8624	8624
84	3554	8942	8942
84	2121	9356	9356
84	2738	9827	9871
84	2196	10270	10314
84	98	10621	10665
84	2148	10887	10931
84	1685	11077	11121
84	3198	11749	11793
85	1982	0	0
85	3026	36	0
85	4094	100	0
85	2130	127	0
85	2660	178	0
86	1260	0	0
86	1927	17	0
86	4189	26	0
86	1062	41	0
86	3547	53	0
86	4079	66	0
86	4094	75	0
86	4100	92	0
86	4097	105	0
86	4103	127	0
86	2623	139	0
86	1525	149	0
86	1916	162	0
86	3182	173	0
86	2867	195	0
86	409	208	0
86	4223	224	0
86	399	241	0
86	3984	255	0
86	3666	279	0
86	3703	288	0
86	3087	300	0
86	4236	316	0
86	4180	330	0
86	3052	343	0
86	2458	355	0
87	1927	0	0
87	3190	11	0
87	1262	20	0
87	3272	41	0
88	873	0	0
88	2986	37	0
88	3032	63	0
88	1853	77	0
88	4007	124	0
88	1258	161	0
88	3044	187	0
88	3855	209	0
88	1052	238	0
88	4098	270	0
88	1734	306	0
89	3242	0	0
89	1426	31	34
89	1741	51	56
89	3194	99	109
89	3431	127	140
89	3219	157	173
89	1132	205	226
89	3428	256	282
89	1734	311	342
89	4168	369	406
89	916	396	436
89	3872	448	493
89	895	528	581
89	2436	563	619
89	993	603	663
89	4382	639	703
89	4327	684	752
89	3850	711	782
89	1703	759	835
89	2516	800	880
89	1604	847	932
89	1432	884	972
89	1556	920	1012
90	2458	0	0
90	3071	19	0
90	3409	27	0
90	2845	36	0
90	84	50	0
90	3194	69	0
90	575	86	0
90	3598	96	0
90	3285	117	0
90	925	141	0
90	1143	159	0
90	3359	172	0
90	757	185	0
90	4066	206	0
90	3516	214	0
90	298	224	0
90	3661	236	0
90	264	245	0
90	1895	259	0
90	3923	272	0
90	1251	300	0
90	1747	316	0
90	3257	338	0
90	2109	352	0
90	907	372	0
91	3194	0	0
91	1546	11	0
91	3351	35	0
91	82	57	0
91	4101	72	0
91	4102	85	0
91	4091	111	0
92	2660	0	0
92	1678	9	0
92	2661	15	0
92	3728	24	0
92	108	30	0
92	235	35	0
92	4096	41	0
92	3272	57	0
92	1924	64	0
92	742	70	0
93	108	0	0
93	2147	9	0
93	638	17	0
94	4096	0	0
94	775	10	0
95	3372	0	0
95	793	22	0
95	1356	48	0
95	2198	61	0
95	1704	78	0
95	1229	109	0
95	2882	135	0
95	2718	159	0
95	2905	179	0
95	2976	202	0
95	3824	229	0
95	1724	257	0
95	3668	284	0
95	4235	292	0
95	1823	310	0
95	3226	338	0
95	34	357	0
95	3243	386	0
95	1088	400	0
95	3242	426	0
96	857	0	0
96	1391	23	0
96	1145	45	0
96	2289	84	0
96	3394	104	0
96	2361	138	0
96	4335	159	0
96	1457	193	0
96	1570	239	0
97	4338	0	0
97	1835	20	0
97	1298	30	0
97	296	38	0
97	4256	50	0
97	3143	71	0
97	349	95	0
97	2157	111	0
97	4325	141	0
97	1651	160	0
97	3771	185	0
97	857	221	0
98	2559	0	0
98	1413	13	0
98	1030	34	0
98	1883	51	0
98	4071	72	0
98	1560	86	0
98	1108	100	0
98	1914	116	0
98	151	142	0
98	720	159	0
98	482	189	0
98	2338	206	0
98	2079	235	0
98	3302	248	0
98	3326	269	0
98	1205	284	0
98	3998	313	0
98	3226	333	0
99	1659	331	0
99	3341	349	0
99	2169	372	0
99	2392	382	0
99	2282	391	0
99	2281	404	0
99	1944	433	0
99	2514	462	0
99	3790	482	0
99	103	501	0
99	65	525	0
99	3016	559	0
99	790	587	0
99	547	622	0
99	2628	653	0
99	3369	686	0
99	1042	722	0
99	3741	755	0
99	2346	795	0
99	3526	815	0
99	1771	836	0
99	3429	860	0
99	3525	879	0
99	76	925	0
99	3306	953	0
99	176	982	0
99	2468	1041	0
99	4	1086	0
99	623	1162	0
99	1179	1227	0
99	3930	1355	0
99	4354	1426	0
99	4460	1479	0
99	1552	1525	0
99	3871	1566	0
99	2305	1611	0
99	2225	1658	0
99	3364	1692	0
99	2377	1720	0
99	3046	1739	0
99	889	1765	0
99	1419	1799	0
99	3127	1830	0
99	2853	1877	0
99	1557	1924	0
99	3017	1964	0
99	2135	2017	0
99	1750	2080	0
99	1230	2115	0
99	1865	2155	0
99	1047	2202	0
99	2531	2273	0
99	3435	2306	0
99	3622	2348	0
99	3585	2406	0
99	3845	2455	0
99	3365	2484	0
99	968	2549	0
99	392	2640	0
99	4034	2664	0
99	3770	2759	0
99	1642	2882	0
99	2983	2926	0
99	2088	2970	0
99	3070	3014	0
99	1791	3060	0
99	2231	3083	0
99	3248	3120	0
99	2308	3226	0
99	2869	3255	0
99	88	3275	0
99	1013	3314	0
99	4081	3337	0
99	2676	3355	0
99	3554	3378	0
99	2175	3396	0
99	4332	3408	0
99	3086	3433	0
99	2119	3475	0
99	385	3499	0
99	3253	3533	0
99	4050	3549	0
99	133	3579	0
99	4061	3596	0
99	3797	3614	0
99	848	3645	0
99	1540	3695	0
99	818	3739	0
99	4454	3754	0
99	497	3792	0
99	3949	3838	0
99	3632	3865	0
99	2630	3917	0
99	4280	3947	0
99	1636	3999	0
99	854	4050	0
99	4212	4095	0
99	4210	4123	0
99	2492	4185	0
99	504	4240	0
99	2017	4290	0
99	3347	4338	0
99	1533	4400	0
99	1517	4446	0
99	2738	4480	0
99	2171	4521	0
99	3608	4550	0
99	3719	4588	0
99	2768	4673	0
99	3742	4745	0
99	2529	4823	0
99	4366	4871	0
99	2196	4923	0
99	1029	4963	0
99	3786	5008	0
99	1706	5111	0
99	633	5176	0
99	963	5211	0
99	98	5274	0
99	3269	5357	0
99	948	5419	0
99	2549	5481	0
99	2148	5540	0
99	3237	5577	0
99	2070	5612	0
99	4139	5675	0
100	3341	0	0
100	4474	27	0
101	146	0	0
101	1460	12	0
101	316	60	0
101	134	87	0
101	568	130	0
101	391	169	0
102	1646	0	0
102	2057	38	0
102	1166	65	0
102	1821	83	0
102	3842	102	0
102	3446	131	0
102	4242	159	0
102	4177	200	0
102	2287	246	0
102	120	289	0
102	1772	355	0
102	3970	382	0
102	3635	406	0
102	514	453	0
102	2274	507	0
102	2890	535	0
102	2066	556	0
102	772	578	0
102	3138	602	0
103	3631	0	0
103	4308	15	16
103	2475	28	30
103	483	56	61
103	3645	80	88
103	1618	93	102
103	3648	107	117
103	3088	119	130
103	3136	169	185
103	2001	192	211
103	402	240	264
103	2721	263	289
103	387	294	323
103	4383	319	350
103	617	341	375
103	1006	398	437
103	4032	435	478
103	1940	457	502
103	3239	502	552
103	2076	517	568
103	1015	541	595
103	380	561	617
103	1535	588	646
103	1003	603	663
103	945	618	679
103	1070	668	734
103	366	698	767
103	367	707	777
103	121	717	788
103	1004	728	800
103	3426	763	839
103	1622	775	852
103	2218	789	867
103	1684	812	893
103	1011	831	914
103	3966	840	924
103	2329	863	949
103	1135	872	959
103	1658	884	972
104	2804	0	0
104	3682	15	17
104	2053	22	24
104	1693	44	48
104	571	66	73
104	2791	87	96
104	3889	120	132
104	2925	144	158
104	673	154	169
104	2708	170	187
104	3169	197	217
104	2151	216	238
104	3392	226	249
104	2536	238	262
104	3896	250	275
104	870	279	307
104	2812	293	322
104	2900	308	339
104	3781	321	353
104	3891	356	392
104	4317	380	418
104	3897	406	447
104	1033	429	472
104	3892	452	497
104	278	501	551
104	2698	512	563
104	335	554	609
104	1160	560	616
104	650	573	630
104	3294	585	644
104	2041	599	659
104	2543	624	686
104	1831	635	699
104	11	685	754
104	2108	705	776
104	4080	733	806
104	3906	743	817
104	813	808	889
104	1749	838	922
104	2839	878	966
104	403	901	991
104	557	917	1009
104	3533	938	1032
104	1979	985	1084
104	3131	1022	1124
104	2508	1042	1146
104	1109	1079	1187
104	1237	1113	1224
104	1492	1136	1250
104	2588	1148	1263
104	2689	1162	1278
104	1265	1175	1293
104	2730	1193	1312
104	2532	1211	1332
104	1607	1225	1348
104	419	1236	1360
104	2083	1247	1372
104	1114	1257	1383
104	1481	1277	1405
104	245	1293	1422
104	1839	1301	1431
104	397	1311	1442
104	4146	1338	1472
104	2030	1356	1492
104	375	1368	1505
104	2060	1395	1535
104	4268	1405	1546
104	396	1431	1574
104	1171	1469	1616
104	407	1482	1630
104	2391	1507	1658
104	2947	1523	1675
104	416	1551	1706
104	244	1579	1737
104	2428	1601	1761
104	414	1629	1792
104	1736	1644	1809
104	1732	1656	1822
104	816	1670	1837
104	4062	1691	1860
104	61	1704	1875
104	1900	1734	1908
104	2054	1745	1920
104	405	1780	1958
104	398	1789	1968
104	2490	1810	1991
104	1416	1832	2015
104	1459	1856	2042
104	417	1871	2058
104	1894	1897	2087
104	3268	1916	2108
104	406	1934	2128
104	4053	1946	2141
104	2467	1957	2153
105	888	0	0
105	1254	35	0
105	2467	95	0
105	1986	138	0
105	959	178	0
105	1938	277	0
106	1938	0	0
106	3550	38	0
106	4116	68	0
106	3539	88	0
106	4009	109	0
106	3852	133	0
106	2449	216	0
106	66	282	0
106	3067	372	0
106	1804	409	0
106	3469	450	0
106	1217	483	0
106	970	542	0
106	421	629	0
106	1996	667	0
107	1743	0	0
107	3382	15	17
107	952	25	28
107	3931	36	40
107	3908	51	56
107	2850	65	72
107	1828	74	81
107	529	83	91
107	1417	105	116
107	2963	124	136
107	2848	134	147
107	820	148	163
107	2464	168	185
107	583	180	198
107	45	194	213
107	3214	211	232
107	1012	224	246
107	4204	250	275
107	2365	272	299
107	3856	290	319
107	1661	306	337
107	3849	341	375
107	639	368	405
107	1827	395	435
107	1830	440	484
107	1985	474	521
107	3181	555	611
107	1474	614	675
107	1005	667	734
107	1008	718	790
107	1725	789	868
108	3852	0	0
108	1439	7	8
108	2014	26	29
108	2018	38	42
108	136	52	57
108	3511	68	75
108	2846	84	92
108	3990	104	114
108	2796	114	125
108	3210	142	156
108	3756	162	178
108	203	184	202
108	137	199	219
108	3753	228	251
108	1435	238	262
108	1993	260	286
108	138	286	315
108	1991	309	340
108	3953	340	374
108	1984	351	386
108	1385	372	409
108	1987	394	433
108	395	416	458
108	640	429	472
108	4220	463	509
108	4221	479	527
108	3961	528	581
108	1182	552	607
108	250	567	624
108	3208	597	657
108	1994	616	678
108	3209	654	719
108	2575	687	756
108	3955	701	771
108	2861	741	815
108	1386	785	864
108	3532	850	935
108	1701	918	1010
108	3146	954	1049
108	1541	1003	1103
108	3524	1022	1124
108	389	1054	1159
109	781	0	0
109	193	34	0
109	4024	50	0
110	1938	2118	0
110	2310	2160	0
110	3509	2207	0
110	3007	2259	0
110	1368	2311	0
110	2966	2329	0
110	4234	2395	0
110	4065	2452	0
110	3303	2480	0
110	1369	2535	0
110	95	2608	0
110	1561	2674	0
110	2278	2722	0
110	792	2755	0
110	3163	2785	0
110	2213	2822	0
110	2932	2877	0
110	2455	2940	0
110	1805	2968	0
110	944	3029	0
110	2860	3067	0
110	4028	3131	0
110	711	3183	0
110	2442	3237	0
110	1151	3291	0
110	3915	3365	0
110	2728	3434	0
110	2453	3504	0
110	1687	3550	0
110	2224	3585	0
110	1638	3626	0
110	2242	3658	0
110	1075	3685	0
110	1092	3716	0
110	2193	3743	0
110	812	3768	0
110	2564	3795	0
110	2658	3810	0
110	1126	3833	0
111	2788	0	0
111	3075	36	40
111	3665	62	68
111	3298	79	87
111	2577	122	134
111	664	171	188
111	3445	208	229
111	1849	253	278
111	3125	296	326
111	430	366	403
111	2265	453	498
111	618	493	542
111	1803	592	651
111	2635	641	705
111	3504	698	768
111	2263	722	794
111	3503	745	820
111	3501	782	860
111	3750	848	933
111	2407	894	984
111	3494	963	1059
111	1505	1026	1129
111	2931	1099	1209
111	3495	1170	1287
111	3505	1204	1325
111	2230	1250	1375
111	3502	1291	1420
111	2330	1323	1455
111	1616	1375	1513
111	4188	1501	1651
111	3497	1591	1750
111	2084	1641	1805
111	2093	1727	1900
111	1155	1826	2009
111	2027	1879	2067
111	2844	1917	2109
111	1723	1955	2151
111	4026	1985	2184
111	1812	2033	2236
111	622	2085	2294
111	1028	2126	2339
111	2349	2154	2370
111	2837	2186	2405
111	2923	2216	2438
111	1496	2258	2484
112	2453	0	0
112	1623	32	35
112	3149	48	53
112	3523	79	87
112	2046	94	103
112	1127	128	141
112	4027	154	169
112	4026	178	196
113	860	0	0
113	998	17	19
113	892	31	34
113	307	46	51
113	3357	68	75
113	1222	102	112
113	734	128	141
113	3318	146	161
113	3414	163	179
113	2440	193	212
114	2937	0	0
114	3188	38	0
114	3313	75	0
114	1128	93	0
114	668	122	0
114	4209	164	0
114	2901	196	0
114	1596	238	0
114	111	285	0
114	2782	317	0
114	2783	330	0
114	4320	372	0
114	4014	404	0
114	1289	441	0
114	1277	475	0
114	1051	509	0
114	361	553	0
114	1226	599	0
114	2294	656	0
114	1140	710	0
114	2617	799	0
114	2168	861	0
114	1869	905	0
114	259	945	0
114	2016	1018	0
114	2610	1048	0
114	779	1088	0
114	1048	1142	0
114	1227	1209	0
114	1452	1269	0
114	2969	1301	0
114	2965	1339	0
114	1669	1387	0
114	4260	1425	0
114	3744	1457	0
114	745	1493	0
114	1902	1511	0
114	1273	1540	0
114	2363	1564	0
114	1068	1588	0
114	1952	1605	0
114	4175	1631	0
114	1315	1643	0
114	1153	1660	0
114	3544	1675	0
114	2713	1690	0
114	2683	1714	0
114	2120	1724	0
114	446	1736	0
114	2208	1749	0
115	1226	0	0
115	2069	55	0
115	313	121	0
115	2594	155	0
115	97	193	0
115	2386	234	0
115	4435	291	0
115	3837	346	0
115	2739	376	0
115	2416	425	0
115	740	464	0
115	1868	496	0
115	2761	551	0
115	1267	608	0
115	3919	679	0
115	2423	730	0
115	140	771	0
115	338	822	0
115	770	869	0
115	643	895	0
115	1342	984	0
115	4030	1059	0
115	3677	1122	0
115	5	1166	0
115	996	1233	0
115	811	1274	0
115	1504	1344	0
115	3899	1385	0
115	1086	1426	0
115	3013	1468	0
115	145	1508	0
115	3240	1532	0
115	839	1552	0
115	1549	1576	0
115	204	1596	0
115	1635	1641	0
115	1330	1656	0
115	147	1684	0
115	1329	1738	0
115	621	1766	0
115	2136	1802	0
115	4076	1849	0
115	1335	1866	0
115	554	1887	0
115	2941	1930	0
115	1339	1939	0
115	1334	1951	0
115	4288	1978	0
115	2354	1999	0
115	2051	2011	0
115	1332	2050	0
115	1338	2090	0
115	1692	2150	0
115	1345	2189	0
115	1520	2218	0
115	1328	2276	0
115	2480	2294	0
115	2448	2337	0
115	4479	2364	0
115	674	2420	0
115	4074	2450	0
115	2269	2540	0
115	1344	2612	0
115	2637	2673	0
115	1340	2725	0
115	2100	2754	0
115	1	2797	0
115	1336	2832	0
115	1337	2854	0
115	3286	2895	0
115	3945	2945	0
115	501	2996	0
115	1486	3055	0
115	418	3093	0
115	412	3136	0
115	4461	3204	0
115	2825	3247	0
115	1775	3263	0
115	1331	3292	0
115	1348	3345	0
115	3551	3413	0
115	4278	3439	0
115	3643	3473	0
115	1346	3512	0
115	4029	3556	0
115	3255	3581	0
115	2062	3611	0
115	1232	3638	0
115	2023	3677	0
115	1016	3705	0
115	1584	3723	0
115	1468	3759	0
115	4069	3788	0
115	4452	3809	0
115	1488	3827	0
115	4453	3842	0
116	3837	0	0
116	1192	42	46
116	1781	70	77
116	345	117	129
116	370	130	143
116	341	156	172
116	336	185	204
116	340	213	234
116	2299	233	256
116	252	258	284
116	344	295	325
116	339	338	372
116	346	366	403
116	3507	397	437
116	337	435	479
117	2416	0	0
117	2729	33	36
117	2506	70	77
117	4052	110	121
117	4253	132	145
117	343	150	165
117	315	179	197
117	3663	214	235
117	3839	237	261
117	276	254	279
117	2769	291	320
118	3793	0	0
118	1806	24	0
118	2507	47	0
118	2919	77	0
118	2810	128	0
118	1256	156	0
118	2389	182	0
118	1461	224	0
118	4342	265	0
118	751	314	0
118	2180	392	0
118	2649	459	0
118	3948	625	0
118	442	651	0
118	4307	687	0
118	2981	722	0
118	743	767	0
118	2445	810	0
118	1880	862	0
118	1402	894	0
118	841	941	0
118	708	973	0
118	3606	999	0
118	4163	1058	0
118	3310	1081	0
118	3864	1118	0
118	233	1176	0
118	3754	1214	0
118	574	1245	0
118	2526	1302	0
118	1024	1343	0
118	436	1375	0
118	226	1424	0
118	1737	1482	0
118	4122	1510	0
118	3184	1540	0
118	1729	1570	0
118	3887	1588	0
118	1025	1628	0
118	3788	1672	0
118	3174	1705	0
118	3041	1729	0
118	1116	1766	0
119	4249	0	0
119	829	54	0
119	1238	85	0
119	3345	111	0
119	917	145	0
119	1089	177	0
119	958	198	0
119	4477	225	0
119	3743	249	0
119	1951	273	0
119	3528	300	0
119	756	322	0
119	1399	345	0
119	752	409	0
119	159	450	0
119	2115	483	0
119	749	532	0
119	753	580	0
119	3806	612	0
119	2920	683	0
119	751	741	0
120	708	0	0
120	4438	23	25
120	135	37	41
120	706	57	63
120	372	83	91
120	704	114	125
120	377	126	139
120	1748	146	161
120	4068	175	193
120	709	195	215
120	702	222	244
120	3200	244	268
120	569	276	304
120	1383	294	323
120	701	314	345
120	705	343	377
120	707	357	393
120	2085	388	427
120	1031	398	438
120	1111	423	465
120	703	488	537
120	1529	525	578
121	2638	0	0
121	2862	18	20
121	3779	29	32
121	3164	51	56
121	626	88	97
121	4341	118	130
121	2402	144	158
121	4132	178	196
121	3740	209	230
121	1955	242	266
121	3997	267	294
121	3206	297	327
121	2578	338	372
121	1134	375	413
121	3173	411	452
121	4346	439	483
121	3172	461	507
121	2736	489	538
121	2946	544	598
121	4459	595	655
122	2367	0	0
122	663	17	19
122	3151	41	45
122	3630	73	80
122	661	90	99
122	181	109	120
122	2015	135	149
122	3522	165	182
123	2367	0	0
123	2159	18	20
123	3657	33	36
123	3290	46	51
123	2696	73	80
123	172	107	118
123	2766	133	146
123	3421	155	171
123	2369	170	187
123	3617	194	213
123	3355	220	242
123	3621	247	272
123	665	275	303
123	2227	299	329
124	2318	3437	0
124	1550	3463	0
124	1722	3494	0
124	1518	3557	0
124	1207	3579	0
124	369	3603	0
124	4312	3641	0
124	3356	3666	0
124	314	3725	0
124	1864	3778	0
124	1159	3802	0
124	3552	3852	0
124	1044	3898	0
124	1043	3930	0
125	2617	0	0
125	173	53	0
125	1630	74	0
125	2671	105	0
125	1650	125	0
125	1465	153	0
125	3901	205	0
125	1637	243	0
125	310	276	0
125	2669	327	0
125	1510	367	0
126	1322	0	0
126	2712	11	0
126	420	27	0
126	2209	50	0
126	4160	72	0
126	4439	96	0
126	1716	106	0
126	748	120	0
126	577	149	0
126	2202	163	0
126	2163	181	0
126	2229	202	0
126	2889	220	0
126	4250	240	0
126	4251	253	0
126	2504	273	0
126	2479	303	0
126	1177	331	0
126	1452	347	0
127	1452	0	0
127	3049	22	0
127	3739	51	0
127	2049	74	0
127	2210	94	0
127	2823	105	0
127	1321	124	0
127	807	145	0
127	3826	170	0
127	2893	186	0
127	3637	202	0
127	2621	218	0
127	1272	250	0
127	3747	271	0
127	3419	288	0
127	1998	301	0
127	1964	320	0
127	3158	333	0
127	2283	355	0
127	1654	379	0
127	2732	398	0
127	3261	416	0
127	1956	432	0
127	1323	448	0
128	2683	0	0
128	2672	10	0
128	4158	22	0
128	2657	30	0
128	2498	39	0
128	4165	48	0
128	797	57	0
128	1323	65	0
128	1838	83	0
128	2686	91	0
128	795	107	0
128	3610	117	0
128	3166	131	0
128	3051	143	0
128	3727	159	0
128	2352	177	0
128	125	189	0
128	446	195	0
129	3261	0	0
129	2364	17	0
129	2203	33	0
129	2205	39	0
129	2207	49	0
129	1365	62	0
129	2128	76	0
129	1315	92	0
130	745	0	0
130	3236	26	29
130	1973	45	50
130	1057	66	73
130	2204	87	96
130	2384	115	127
130	4261	149	164
130	1767	176	194
130	2500	194	213
130	4455	209	230
130	4358	249	274
130	1378	315	347
130	1766	354	390
130	4262	371	409
130	2275	411	453
130	2073	432	476
130	3227	451	497
130	1347	480	528
130	1663	506	557
130	2840	530	583
130	3874	546	601
130	819	567	624
130	1084	582	641
130	3038	613	675
130	2943	632	696
130	1672	660	726
130	1343	672	740
130	607	698	768
130	2028	720	792
130	512	742	817
130	3678	753	829
130	1333	776	854
130	3749	799	879
130	2317	814	896
130	2357	829	912
130	4452	875	963
131	2965	0	0
131	1324	19	21
131	977	48	53
131	382	73	80
131	2687	96	106
131	2927	126	139
131	4218	143	157
131	3807	159	175
131	4075	180	198
131	1833	197	217
131	1037	217	239
131	624	247	272
131	1119	273	300
131	2384	294	323
132	2683	0	0
132	3570	15	0
132	3983	30	0
132	2650	39	0
132	2888	47	0
132	168	59	0
132	2266	69	0
132	99	79	0
132	1798	88	0
132	3900	102	0
132	4141	111	0
132	543	124	0
132	2615	137	0
132	836	151	0
132	2767	163	0
132	1404	180	0
132	1995	194	0
132	325	209	0
132	1554	239	0
132	2078	251	0
132	3376	265	0
132	3367	281	0
132	324	300	0
132	3384	315	0
132	1548	330	0
132	3517	349	0
132	2904	363	0
132	2139	386	0
132	321	405	0
132	323	433	0
132	4263	452	0
132	1327	533	0
132	4104	572	0
132	1341	602	0
132	4452	613	0
133	836	0	0
133	3423	17	0
134	3517	0	0
134	4431	42	0
134	1292	111	0
135	2649	0	0
135	3074	33	36
135	229	77	85
135	3442	127	140
135	4033	179	197
135	1471	214	235
135	3881	247	272
135	3633	273	300
135	2786	293	322
135	835	333	366
135	4445	354	389
135	1189	388	427
135	2181	433	476
135	3366	462	508
135	972	495	545
135	2293	532	585
135	1104	572	629
135	4447	618	680
135	4448	657	723
135	4446	689	758
135	3935	714	785
135	47	735	809
135	3846	782	860
135	3438	843	927
136	189	0	0
136	3667	53	58
136	645	82	90
136	3814	155	170
136	3092	195	214
136	3438	264	290
137	1322	0	0
137	2520	25	0
137	3108	42	0
137	733	58	0
137	3260	69	0
137	584	86	0
137	1819	103	0
137	3757	143	0
137	636	181	0
137	1220	202	0
137	2958	234	0
137	2589	252	0
137	4182	282	0
137	4351	323	0
137	2348	342	0
137	3673	382	0
137	3527	419	0
137	2133	443	0
137	1776	471	0
137	2081	519	0
137	4476	586	0
137	139	607	0
137	2459	655	0
137	4238	690	0
137	189	762	0
137	2387	803	0
137	281	828	0
137	3616	885	0
137	1173	952	0
137	2080	1024	0
137	1211	1098	0
137	4219	1156	0
137	4475	1190	0
137	4231	1242	0
137	4323	1312	0
137	714	1387	0
137	1679	1424	0
137	2790	1484	0
137	1619	1537	0
137	1458	1580	0
137	2443	1660	0
137	1857	1734	0
137	2006	1757	0
137	1077	1800	0
137	4384	1854	0
137	183	1872	0
137	1531	1918	0
137	3275	1979	0
137	4169	1998	0
137	271	2042	0
137	3427	2075	0
137	524	2119	0
137	768	2148	0
137	3619	2191	0
137	2692	2303	0
137	1746	2345	0
137	2693	2358	0
137	2251	2396	0
137	3735	2447	0
137	3283	2476	0
137	54	2528	0
137	2775	2589	0
137	3838	2646	0
137	1563	2701	0
137	2077	2752	0
137	4318	2801	0
137	655	2858	0
137	4227	2876	0
137	64	2913	0
137	2884	2955	0
137	2029	2977	0
137	3902	3036	0
137	2979	3047	0
137	2527	3088	0
137	4368	3127	0
137	3733	3182	0
137	3447	3212	0
137	4369	3230	0
137	4198	3318	0
137	197	3366	0
137	449	3422	0
137	3439	3453	0
137	3828	3519	0
137	3155	3546	0
137	2499	3585	0
137	1466	3645	0
137	2152	3689	0
137	1922	3730	0
137	2833	3791	0
137	329	3846	0
137	3019	3894	0
137	330	3914	0
137	1649	3935	0
137	939	4001	0
137	2427	4040	0
137	3265	4115	0
137	1534	4137	0
137	823	4172	0
137	1972	4202	0
137	350	4228	0
137	3122	4289	0
137	3817	4319	0
137	4294	4348	0
137	4309	4379	0
137	527	4408	0
137	1592	4436	0
137	115	4480	0
137	1760	4543	0
137	2636	4587	0
137	646	4605	0
137	3221	4633	0
137	1521	4656	0
137	2048	4697	0
137	3278	4733	0
137	3083	4787	0
137	2279	4828	0
137	989	4876	0
137	4036	4926	0
137	886	4976	0
137	1149	5027	0
137	526	5072	0
137	3822	5145	0
137	2758	5243	0
137	249	5280	0
137	672	5338	0
137	2267	5404	0
137	599	5492	0
137	1472	5556	0
137	2936	5602	0
137	2907	5645	0
137	1695	5691	0
137	3422	5720	0
137	3203	5758	0
137	2493	5782	0
137	1909	5839	0
137	241	5881	0
137	2912	5945	0
137	2908	5996	0
137	1489	6049	0
137	2911	6090	0
137	3512	6135	0
137	261	6179	0
137	2906	6221	0
137	78	6274	0
137	1620	6311	0
137	2424	6351	0
137	2910	6399	0
137	551	6435	0
137	4300	6457	0
137	1686	6502	0
137	1270	6529	0
137	1581	6554	0
137	644	6588	0
137	4361	6627	0
137	3607	6656	0
137	4197	6682	0
137	1072	6696	0
137	190	6707	0
137	3237	6738	0
138	177	0	0
138	2596	25	0
138	411	39	0
138	357	58	0
138	1375	79	0
138	1276	110	0
138	2887	145	0
138	2408	178	0
138	2953	197	0
138	3081	219	0
138	2439	251	0
138	2824	301	0
138	1905	337	0
138	2146	369	0
138	3558	397	0
138	29	440	0
138	37	482	0
138	1513	505	0
138	3688	535	0
138	4011	561	0
138	1851	584	0
138	2519	607	0
138	2059	687	0
138	2481	730	0
138	1017	800	0
138	348	832	0
138	1579	875	0
138	373	940	0
138	2521	982	0
138	3616	1065	0
139	1042	0	0
139	3346	23	25
139	1301	48	53
139	4184	74	81
139	383	115	127
139	967	137	151
139	39	166	183
139	1252	192	211
139	46	213	234
139	4193	242	266
139	2419	273	300
139	2415	284	312
139	3106	312	343
139	2173	323	355
139	3344	346	381
139	3120	361	397
139	1589	385	424
139	3769	420	462
139	3683	438	482
139	1507	463	509
139	2481	485	534
140	2908	0	0
140	2314	22	0
141	98	0	0
141	4310	42	0
141	149	102	0
141	2106	132	0
141	3954	169	0
141	4020	194	0
141	1960	223	0
141	979	272	0
141	2008	371	0
141	2914	410	0
141	358	433	0
141	2908	460	0
142	3198	0	0
142	2166	286	0
142	1572	357	0
142	2562	515	0
142	2125	693	0
142	2160	904	0
142	1551	1184	0
142	2194	1513	0
142	2191	1941	0
142	317	2101	0
142	2318	2428	0
142	1044	2889	0
143	2196	0	0
143	2255	10	11
143	1178	27	30
143	3119	46	51
143	834	73	80
143	4228	86	95
143	4301	103	113
143	4244	127	140
143	1213	139	153
143	4064	155	171
143	3118	202	222
143	1999	289	318
143	2550	323	355
143	4470	355	391
143	3925	386	425
143	2933	414	455
143	2235	439	483
143	2950	464	510
143	2733	499	549
143	3681	528	581
143	2663	629	692
143	48	661	727
143	3113	728	801
143	49	775	853
143	3350	806	887
143	528	847	932
143	3784	896	986
143	3822	939	1033
144	4332	0	0
144	3922	11	12
144	89	26	29
144	2045	39	43
144	3689	53	58
144	868	65	72
144	3939	73	80
144	1975	80	88
144	3320	96	106
144	1210	112	123
144	2854	126	139
144	1142	140	154
144	1648	148	163
144	80	156	172
145	2196	0	0
145	1170	28	0
145	3603	59	0
145	2254	75	0
145	498	88	0
145	132	102	0
145	1487	127	0
145	3863	152	0
145	2741	189	0
145	2731	207	0
145	1508	225	0
145	635	237	0
145	3391	253	0
145	1707	260	0
145	634	271	0
145	429	289	0
145	519	303	0
145	633	332	0
146	429	0	0
146	2643	25	28
146	2909	32	36
146	2270	45	50
146	964	65	72
146	3957	71	78
146	3991	83	92
146	4127	97	107
146	963	116	128
147	2270	0	0
147	3274	13	14
147	2913	23	25
148	4034	0	0
148	2277	51	0
148	83	118	0
148	2456	172	0
148	90	200	0
148	852	218	0
148	2444	253	0
148	4353	300	0
148	87	347	0
148	1054	379	0
148	4196	442	0
148	158	487	0
148	81	528	0
148	3009	576	0
148	3549	602	0
148	2182	615	0
148	79	629	0
148	1576	670	0
148	1288	687	0
148	4343	710	0
148	1248	722	0
148	2681	743	0
148	1577	756	0
148	1744	771	0
148	3914	793	0
148	1797	818	0
148	4222	844	0
148	1013	870	0
149	1557	159	0
149	1478	232	0
149	2335	266	0
149	1758	312	0
149	3560	349	0
149	3944	386	0
149	3567	455	0
149	3565	499	0
149	1462	547	0
149	3563	586	0
149	3736	633	0
149	270	711	0
149	297	756	0
149	3005	803	0
149	3134	842	0
149	3564	867	0
149	124	929	0
149	2996	987	0
149	1163	1026	0
149	1923	1113	0
149	1186	1148	0
149	1586	1196	0
149	3142	1272	0
149	4088	1319	0
149	715	1340	0
149	3734	1432	0
149	1363	1482	0
149	3733	1543	0
150	3525	0	0
150	1320	17	19
150	3160	43	48
150	2772	60	66
150	3117	82	90
150	1665	112	123
150	3920	132	145
150	3609	171	188
150	179	206	227
150	2647	245	270
150	3002	277	305
150	2674	296	326
150	3232	359	395
150	268	436	480
150	2990	519	571
150	42	556	612
150	2438	599	659
150	4475	657	723
151	4	0	0
151	3015	30	33
151	1842	78	86
151	3325	105	116
151	2690	145	160
151	3577	164	180
151	2334	196	216
151	3514	221	243
151	478	277	305
151	3573	310	341
151	3039	323	355
151	536	345	380
151	1026	385	424
151	922	423	465
151	906	459	505
151	840	480	528
151	1793	512	563
151	825	541	595
151	3364	574	631
152	3525	0	0
152	3308	38	42
152	4379	61	67
152	766	99	109
152	3776	149	164
152	3424	178	196
152	3307	221	243
152	2324	276	304
152	3054	312	343
152	3882	366	403
152	3309	425	468
152	1887	459	505
152	1647	509	560
152	4046	576	634
152	4038	630	693
152	2968	664	730
152	3292	704	774
152	1098	743	817
152	3040	773	850
152	4040	793	872
152	3406	837	921
152	2645	863	949
152	535	908	999
152	4044	956	1052
152	2641	983	1081
152	4039	1039	1143
152	4041	1109	1220
152	1740	1146	1261
152	1530	1189	1308
152	2541	1238	1362
152	2611	1286	1415
152	2785	1347	1482
152	918	1412	1553
152	2452	1450	1595
152	533	1498	1648
152	3005	1581	1739
153	889	0	0
153	3732	23	26
153	3576	51	56
153	2494	75	83
153	3808	114	126
153	3175	167	184
153	1115	197	217
153	2446	270	297
153	3628	303	334
153	1662	365	402
153	4293	405	446
153	2517	435	479
153	973	455	501
153	1225	491	540
153	1888	534	588
153	2646	568	625
153	2645	587	646
154	2692	0	0
154	2634	43	47
154	3380	82	90
154	1666	103	113
154	1279	141	155
154	1538	174	192
154	2368	198	218
154	4143	211	232
154	413	249	274
154	2579	319	351
154	3229	356	392
154	2930	385	424
154	4043	485	534
154	2592	520	572
154	4042	558	614
154	3878	593	652
154	4045	615	677
154	2394	667	734
154	3406	708	779
155	889	0	0
155	3578	19	21
155	2522	33	36
155	3571	65	72
155	1464	84	92
155	3566	110	121
155	127	134	147
155	3192	162	178
155	3396	188	207
155	2335	204	224
156	3554	0	0
156	4178	22	24
156	3718	70	77
156	92	98	108
156	1553	123	135
156	2074	142	156
156	2875	156	171
156	1198	184	202
156	1247	206	226
156	2094	228	251
156	2881	251	276
156	1206	296	325
156	2110	331	364
156	431	371	408
156	4084	430	473
156	4349	492	541
156	1639	526	578
156	1174	569	626
156	2111	595	654
156	3096	672	739
156	4072	688	757
156	4206	711	782
156	1185	744	818
156	1941	759	835
156	2087	790	869
156	4265	839	923
156	2948	869	956
156	3590	886	974
156	3588	906	996
156	2362	968	1065
156	3538	1017	1119
156	3587	1059	1165
156	3521	1089	1198
156	3586	1145	1259
156	2822	1213	1334
156	957	1255	1380
156	608	1301	1431
156	3594	1338	1472
156	2709	1403	1543
156	3170	1455	1600
156	4179	1491	1640
156	362	1526	1678
156	1809	1552	1707
156	3564	1591	1750
157	2152	0	0
157	3978	36	40
157	1234	87	96
157	3238	118	130
157	331	139	153
157	3985	175	193
157	1364	211	232
157	3520	248	273
157	2047	315	347
157	333	374	411
157	332	415	457
157	1224	459	505
157	334	523	575
157	4176	563	619
157	327	633	696
157	3877	697	767
157	4290	753	828
157	3586	819	901
158	3622	0	0
158	3589	18	20
158	4329	61	67
158	1299	84	92
158	4304	104	114
158	3928	113	124
158	3857	134	147
158	670	146	161
158	2555	160	176
158	2763	170	187
158	1188	188	207
158	2118	200	220
158	2370	217	239
158	550	227	250
158	3664	236	260
158	2043	279	307
158	2871	318	350
158	1259	349	384
158	3591	424	466
158	3593	466	513
158	2221	503	553
158	1653	547	602
158	1073	571	628
158	3592	623	685
158	1359	673	740
158	4073	736	810
158	1941	780	858
159	3840	0	0
159	2371	3	0
160	4369	0	0
160	3321	10	11
160	3650	15	17
160	1773	22	24
160	1908	33	36
160	1261	53	58
160	4315	72	79
160	4473	97	107
160	803	111	122
160	4370	127	140
160	2872	132	145
160	2403	143	157
160	182	150	165
160	77	163	179
160	3323	172	189
160	1801	179	197
161	889	0	0
161	876	25	0
161	3575	45	0
161	2309	83	0
161	3568	102	0
161	3293	119	0
161	1506	132	0
161	2539	149	0
161	3459	181	0
161	3572	209	0
161	3220	228	0
161	2632	241	0
161	3247	266	0
161	3574	303	0
161	625	328	0
162	2539	149	0
162	545	178	0
162	1467	205	0
162	1194	246	0
162	1699	278	0
162	601	459	0
163	2401	0	0
163	1631	34	0
163	1456	61	0
163	3222	95	0
163	1681	119	0
163	1876	142	0
163	1231	166	0
163	4201	186	0
163	1800	213	0
163	601	259	0
163	3865	285	0
163	1873	301	0
163	2478	327	0
163	1007	365	0
163	2618	395	0
163	2431	420	0
163	4023	445	0
163	2379	470	0
163	3468	500	0
163	4151	524	0
163	1291	565	0
163	2805	620	0
163	4025	664	0
163	1278	722	0
163	471	776	0
163	460	817	0
163	72	859	0
163	465	886	0
163	2296	922	0
163	2422	994	0
163	3003	1031	0
163	2870	1079	0
163	458	1143	0
163	303	1178	0
163	468	1203	0
163	457	1216	0
163	2503	1245	0
163	2982	1268	0
163	473	1302	0
163	459	1378	0
163	464	1416	0
163	444	1449	0
163	3225	1496	0
163	2957	1523	0
163	843	1564	0
163	456	1619	0
163	1357	1659	0
163	107	1706	0
163	771	1738	0
163	470	1769	0
163	4216	1791	0
163	213	1803	0
163	1664	1823	0
163	3761	1849	0
163	476	1870	0
163	3934	1907	0
163	3853	1944	0
163	376	1979	0
163	1377	2003	0
163	474	2030	0
163	2816	2048	0
163	461	2060	0
163	4085	2085	0
163	1655	2139	0
163	455	2171	0
163	2067	2224	0
163	1516	2250	0
163	1422	2282	0
163	467	2331	0
163	451	2359	0
163	462	2393	0
163	3235	2417	0
163	3311	2434	0
163	1780	2457	0
163	453	2495	0
163	3030	2516	0
163	469	2535	0
163	2315	2606	0
163	4277	2628	0
163	3652	2675	0
163	452	2724	0
163	1165	2754	0
163	629	2774	0
163	2037	2800	0
163	2462	2866	0
163	475	2893	0
163	2405	2939	0
163	1381	2961	0
163	659	2976	0
164	4085	2088	0
164	454	2116	0
164	466	2190	0
164	463	2257	0
164	605	2323	0
165	3006	0	0
165	453	59	0
166	605	2323	2323
166	255	2339	2340
166	1443	2364	2368
166	3006	2376	2381
167	2478	0	0
167	1751	37	0
167	2331	60	0
167	1709	113	0
167	1932	177	0
167	1585	216	0
167	1872	239	0
167	2642	321	0
167	3224	354	0
167	2614	388	0
167	214	439	0
167	4019	478	0
167	450	523	0
167	221	551	0
167	1727	598	0
167	863	655	0
167	2744	727	0
167	2801	767	0
167	817	804	0
167	2742	832	0
167	806	872	0
167	2747	933	0
167	1036	955	0
167	1958	976	0
167	2132	1039	0
167	2753	1113	0
167	4254	1121	0
167	2752	1141	0
167	1777	1162	0
167	2745	1194	0
167	3133	1214	0
167	2743	1227	0
167	143	1244	0
167	1643	1266	0
167	479	1279	0
167	731	1287	0
167	110	1302	0
167	1645	1313	0
167	105	1327	0
167	676	1362	0
167	426	1380	0
167	3201	1395	0
167	983	1416	0
167	1509	1437	0
167	884	1457	0
167	2746	1486	0
167	3060	1524	0
167	1817	1542	0
167	729	1560	0
167	2726	1580	0
167	142	1634	0
167	849	1661	0
167	864	1670	0
167	2268	1687	0
167	2750	1706	0
167	210	1736	0
167	2748	1797	0
167	1041	1904	0
167	4440	1922	0
167	2998	1942	0
167	1542	1987	0
168	1381	0	0
168	4114	63	69
168	472	72	79
168	3658	94	103
168	769	109	120
168	3602	138	151
168	2557	159	175
168	326	175	192
168	3851	210	231
168	4359	233	256
168	3843	250	275
168	3045	309	340
168	669	336	369
168	3215	374	411
168	2720	453	498
168	2749	498	547
168	2751	587	645
168	614	656	721
168	253	705	775
168	4444	763	839
169	2401	0	0
169	1925	15	0
169	4429	32	0
169	4428	43	0
169	1411	67	0
169	4191	95	0
169	3695	108	0
169	4186	123	0
169	1878	134	0
169	1980	163	0
169	995	189	0
169	2351	213	0
169	1294	234	0
169	1875	277	0
169	2662	304	0
169	3116	344	0
169	1907	376	0
169	1874	407	0
169	3458	451	0
169	1871	476	0
169	216	532	0
169	355	580	0
169	223	598	0
169	3329	621	0
169	277	642	0
169	1919	669	0
169	4355	682	0
169	1841	731	0
169	2735	745	0
170	277	0	0
170	215	13	14
170	2469	30	33
170	1318	49	54
170	1752	57	63
170	4115	72	79
170	2977	85	94
171	1841	0	0
171	1562	19	21
171	93	30	33
171	1628	52	58
171	285	89	98
171	2036	112	124
171	573	137	151
171	759	157	173
171	1233	175	193
171	3025	194	214
171	222	213	235
171	1306	248	273
171	4252	276	304
171	232	298	328
171	1268	327	360
171	160	372	410
171	929	429	472
171	1856	481	530
171	230	503	554
171	671	563	620
171	3884	588	647
171	219	609	670
171	2619	660	726
171	2614	675	743
172	2735	0	0
172	227	14	15
172	3014	28	31
172	3704	39	43
172	2233	60	66
172	2542	92	101
172	3969	109	120
172	211	142	156
172	2463	156	172
172	3267	177	195
172	3084	198	218
172	228	218	240
172	162	245	270
172	4031	264	290
172	225	286	315
172	1598	326	359
172	198	362	398
172	231	389	428
172	4291	449	494
172	2358	457	503
172	1351	472	519
172	1395	515	567
172	3561	533	586
172	4241	584	642
172	3717	643	707
172	4087	677	745
172	1881	720	792
172	101	754	829
172	217	778	856
172	1019	793	872
173	4140	-55	0
173	1742	-15	0
173	4139	0	0
173	1685	55	0
173	3056	63	0
173	1312	98	0
173	2770	117	0
173	677	145	0
173	2280	156	0
173	4225	167	0
173	1587	194	0
173	2238	216	0
173	990	246	0
173	3918	267	0
173	999	288	0
173	719	339	0
173	1317	391	0
173	73	410	0
173	2706	452	0
173	3434	484	0
173	3620	511	0
173	2582	530	0
173	1674	551	0
173	1963	565	0
173	2137	582	0
173	3596	596	0
173	1311	626	0
173	1055	643	0
173	2584	655	0
173	3217	695	0
173	4350	709	0
173	3198	727	0
173	2437	754	0
173	1850	778	0
173	4004	794	0
173	1074	806	0
173	851	819	0
173	3911	833	0
173	2771	855	0
173	3669	869	0
173	2685	888	0
173	3315	924	0
173	1611	944	0
173	1470	959	0
173	4274	980	0
173	2451	1001	0
173	2755	1013	0
173	3470	1049	0
173	1572	1084	0
173	195	1133	0
173	3097	1171	0
173	3195	1206	0
173	2562	1242	0
173	2304	1267	0
173	3980	1297	0
173	4465	1336	0
173	4356	1364	0
173	1499	1388	0
173	874	1420	0
173	192	1461	0
173	3946	1493	0
173	2902	1539	0
173	850	1586	0
173	2502	1631	0
173	3462	1673	0
173	1715	1712	0
173	2491	1747	0
173	538	1791	0
173	3062	1833	0
173	2336	1862	0
173	1175	1878	0
173	1551	1911	0
173	3053	1943	0
173	1264	1964	0
173	2776	1998	0
173	619	2020	0
173	3847	2068	0
173	893	2130	0
173	206	2180	0
173	2321	2221	0
173	2194	2240	0
173	4207	2268	0
174	3198	0	0
174	3199	85	0
175	4450	0	0
175	3647	29	32
175	909	46	51
175	3654	63	69
175	3774	93	102
175	990	108	119
175	3441	135	149
175	2879	149	164
175	2570	164	180
175	1558	187	206
175	2566	212	233
175	2172	228	251
175	3152	248	273
175	1096	275	303
175	1702	313	344
175	2952	347	382
175	653	362	398
175	2117	376	414
175	247	394	433
175	2678	423	465
175	1606	453	498
175	1201	481	529
175	2567	512	563
175	2573	614	675
175	3315	661	727
176	1795	0	0
176	641	21	23
176	1310	65	72
176	2939	74	81
176	4464	92	101
176	1055	129	142
176	1056	142	156
176	3794	148	163
176	2820	164	180
176	258	182	200
176	2547	192	211
176	1808	206	227
176	2248	219	241
176	2249	231	254
176	2179	241	265
176	637	254	279
177	4350	18	0
177	4298	43	0
177	3316	68	0
177	2547	75	0
177	1112	95	0
177	1847	121	0
177	2574	152	0
177	1455	167	0
177	1583	217	0
177	2569	237	0
177	1606	269	0
178	2117	0	0
178	1204	31	34
178	2040	50	55
178	2568	62	68
178	3672	99	109
178	2413	133	146
179	2226	0	0
179	302	33	36
179	1929	51	56
179	1928	68	75
179	308	90	99
179	4378	123	135
179	1796	181	199
179	1287	234	257
179	240	250	275
179	2412	274	301
179	2413	300	330
179	272	322	354
179	3698	347	382
179	3069	383	421
179	2340	395	435
179	1304	416	458
179	3702	432	475
179	3460	472	519
179	2565	551	606
179	2523	593	652
179	3738	613	674
179	832	629	692
179	447	654	719
179	4321	687	756
180	3056	8	0
180	3967	35	0
180	2226	61	0
180	175	84	0
180	2058	116	0
180	1514	150	0
180	1295	186	0
180	971	222	0
180	4292	250	0
180	4012	268	0
180	2164	302	0
180	2595	339	0
180	1931	369	0
180	3699	418	0
180	627	452	0
180	3903	480	0
180	4352	500	0
180	2859	518	0
180	3410	567	0
180	443	601	0
180	180	625	0
180	3700	655	0
180	4214	691	0
180	3701	710	0
180	567	758	0
180	3101	794	0
180	2470	852	0
180	2883	904	0
180	1451	992	0
180	780	1033	0
180	3467	1072	0
180	4326	1084	0
180	3709	1113	0
180	1221	1149	0
180	3724	1170	0
180	3723	1208	0
180	3437	1228	0
180	3027	1304	0
180	764	1329	0
180	3805	1362	0
180	2378	1380	0
180	2653	1410	0
180	802	1443	0
180	1810	1474	0
180	1632	1518	0
180	1852	1590	0
180	1974	1611	0
180	1547	1647	0
180	1164	1676	0
180	581	1692	0
180	2616	1789	0
180	3466	1844	0
180	117	1882	0
180	1241	1920	0
180	1009	1948	0
180	1790	1978	0
180	1167	2024	0
180	2836	2088	0
180	2835	2136	0
180	1957	2242	0
180	2337	2310	0
180	374	2385	0
180	1394	2432	0
180	3338	2467	0
180	1425	2513	0
180	3180	2562	0
180	3996	2596	0
180	114	2631	0
180	2764	2657	0
180	1107	2700	0
180	3334	2767	0
180	1911	2789	0
180	4000	2831	0
180	4048	2897	0
180	3405	2941	0
180	2633	2987	0
180	1285	3056	0
180	2393	3136	0
180	3336	3200	0
180	1867	3267	0
180	3337	3309	0
180	3230	3347	0
180	4059	3374	0
180	4057	3399	0
180	4010	3425	0
180	1136	3451	0
180	1477	3478	0
180	3333	3525	0
180	2488	3580	0
180	40	3693	0
180	4266	3791	0
180	4144	3820	0
180	4047	3856	0
180	4056	3899	0
180	3095	3924	0
180	347	3952	0
180	2409	3994	0
180	1437	4030	0
180	808	4081	0
180	1420	4134	0
180	1484	4194	0
180	1682	4321	0
180	3296	4347	0
180	1071	4416	0
180	1490	4433	0
180	2544	4455	0
180	38	4471	0
180	1959	4487	0
180	4393	4557	0
180	1043	4626	0
181	1572	0	0
181	1573	34	37
181	3964	49	54
181	1574	68	75
181	3876	80	88
181	2332	126	139
181	2561	157	173
181	2485	208	229
181	2563	264	290
181	552	300	330
181	2560	330	363
181	4321	391	430
181	2675	452	497
181	3484	476	524
181	3712	494	543
181	3710	553	608
181	178	595	655
181	2262	636	700
181	1446	678	746
181	3713	732	805
181	728	773	850
181	3456	807	888
181	3711	831	914
181	3185	882	970
181	4314	991	1090
181	4013	1025	1128
181	4311	1096	1206
181	1921	1145	1260
181	2677	1181	1299
181	969	1196	1316
181	955	1246	1371
181	4083	1277	1405
181	3707	1317	1449
181	1034	1339	1473
181	3951	1366	1503
181	3692	1389	1528
181	764	1415	1557
182	1551	0	0
182	3715	27	30
182	3963	36	40
182	2156	52	57
182	2244	58	64
182	2700	78	86
182	2466	89	98
182	4099	129	142
182	3348	148	163
182	1910	158	174
182	3305	189	208
182	3463	226	249
182	2303	272	299
182	2474	323	355
182	74	402	442
182	379	426	469
182	612	464	510
182	141	499	549
182	280	512	563
182	4060	534	587
182	2959	641	705
182	2425	690	759
182	3705	752	827
182	2505	849	934
182	3708	880	968
182	106	939	1033
182	891	1003	1103
182	3706	1054	1159
182	3879	1119	1231
182	2259	1173	1290
182	424	1252	1377
182	2441	1308	1439
182	2873	1363	1499
182	765	1388	1527
182	1954	1402	1542
182	2417	1429	1572
182	764	1480	1628
183	619	0	0
183	3940	40	44
183	2284	72	79
183	3464	114	125
183	746	145	160
183	67	184	202
183	287	196	216
183	3233	235	259
183	3910	256	282
184	1044	0	0
184	1668	22	24
184	3958	35	39
184	580	49	54
184	2484	75	82
184	2232	92	101
184	1811	113	124
184	1757	141	155
184	3534	172	189
184	2301	206	227
184	2880	240	264
184	1349	266	293
184	3798	304	334
184	3132	350	385
184	1861	379	417
184	4051	407	448
184	3011	434	477
184	435	457	503
184	4237	500	550
184	879	542	596
184	3033	567	624
184	1862	578	636
184	3368	596	656
184	1020	610	671
184	480	628	691
184	666	661	727
184	3023	677	745
184	1778	704	774
184	289	728	801
184	3916	742	816
184	667	760	836
184	3833	781	859
184	1863	799	879
184	2097	819	901
184	1860	844	928
184	3813	878	966
185	4010	0	0
185	2510	20	22
185	3960	42	46
185	1463	75	83
185	660	90	99
185	2343	102	112
185	1710	114	125
185	44	127	140
185	988	138	152
185	603	175	193
185	1644	199	219
185	434	233	256
185	1400	325	358
185	610	371	408
185	974	398	438
185	3112	438	482
185	171	460	506
185	837	503	553
185	2980	530	583
185	2483	561	617
185	4385	605	666
185	3331	686	755
185	3332	718	790
185	1519	744	818
185	3612	772	849
185	3613	796	876
185	809	845	930
185	2009	889	978
186	2755	0	0
186	2166	29	0
186	3481	42	0
186	2874	85	0
186	4357	131	0
186	1293	157	0
186	262	202	0
186	1818	250	0
186	2951	280	0
186	3324	298	0
186	1543	314	0
186	572	342	0
186	3482	396	0
186	3476	447	0
186	3483	494	0
186	3473	546	0
186	3480	576	0
186	3479	615	0
186	3471	636	0
186	2512	677	0
186	3472	756	0
186	1712	823	0
186	2898	847	0
186	4287	876	0
186	758	909	0
186	3477	956	0
186	3354	978	0
186	282	1004	0
186	3018	1032	0
186	1353	1069	0
186	378	1094	0
186	3475	1123	0
186	615	1148	0
186	648	1237	0
186	2897	1253	0
187	1353	65	0
187	3397	100	0
187	787	137	0
187	3767	188	0
187	2926	219	0
187	1640	229	0
187	3929	254	0
187	3021	271	0
187	648	300	0
188	1543	0	0
188	898	51	56
188	3400	106	117
188	2858	136	150
188	2429	152	167
188	1316	208	229
188	532	233	256
188	747	260	286
188	3785	301	331
188	4271	329	362
188	956	366	403
188	1240	403	443
188	3042	425	468
189	4121	0	0
189	2082	16	0
189	441	52	0
189	1314	65	0
189	2273	81	0
189	3234	101	0
189	2572	127	0
189	3905	143	0
189	1139	154	0
189	263	167	0
189	2571	201	0
189	2530	233	0
189	3623	261	0
189	1947	302	0
189	3276	354	0
189	3109	375	0
189	3373	393	0
189	4466	409	0
189	1240	426	0
190	4271	74	0
190	3474	125	0
190	3024	140	0
190	1889	156	0
190	1739	184	0
190	778	203	0
190	3478	217	0
190	4159	248	0
190	1113	271	0
190	1162	315	0
190	448	331	0
191	3482	0	0
191	869	51	0
191	1393	74	0
191	2397	114	0
191	2433	137	0
191	2892	183	0
191	4037	215	0
191	1157	257	0
191	207	282	0
191	3895	357	0
191	3193	399	0
191	2528	426	0
191	3342	455	0
191	1855	488	0
192	3193	0	0
192	3196	47	52
192	3197	56	62
192	912	96	106
192	1269	136	150
192	2347	196	216
192	2593	240	264
192	3848	285	314
192	2447	328	361
192	2288	348	383
192	875	362	398
192	523	400	440
192	282	476	524
193	3051	0	0
193	129	24	0
193	4306	32	0
193	1837	41	0
194	4207	0	0
194	2535	52	57
194	1815	110	121
194	3202	144	158
194	1147	168	185
194	2306	196	216
194	1010	235	259
194	4344	267	294
194	2103	298	328
194	1313	349	384
194	239	398	438
194	2967	424	466
194	4468	453	498
194	3085	484	532
194	3513	518	570
194	915	622	684
194	4203	717	789
194	3815	790	869
194	4360	868	955
194	1568	943	1037
194	810	1008	1109
194	546	1028	1131
194	1483	1065	1172
194	1249	1123	1235
194	2876	1144	1258
194	3340	1168	1285
194	3515	1216	1338
194	3296	1242	1366
195	4056	0	0
195	3335	41	45
195	2482	71	78
195	3868	106	117
195	3398	135	149
195	2374	178	196
195	3339	222	245
195	2400	268	295
195	3559	308	339
195	1719	348	383
195	3058	410	451
195	722	466	513
195	723	486	535
195	721	520	572
195	1325	566	623
195	2659	590	649
195	4360	616	678
196	497	0	0
196	3020	37	41
196	1275	56	62
196	3228	85	94
196	1493	152	167
196	1502	171	188
196	2256	206	227
196	4371	244	268
196	2404	288	317
196	1097	311	342
196	777	333	366
196	2253	347	382
196	269	380	418
196	2257	398	438
196	1517	437	481
197	1982	0	0
197	799	20	0
197	1769	29	0
197	4125	41	0
197	718	56	0
197	2010	72	0
197	3300	84	0
197	4381	99	0
198	1289	0	0
198	2594	223	0
199	1542	0	0
199	4444	44	0
200	1179	0	0
200	1887	172	0
200	2579	561	0
201	2510	0	0
201	4058	14	0
202	4078	0	0
202	2719	159	0
202	1788	595	0
203	1323	0	0
203	796	9	0
203	798	22	0
203	1406	36	0
203	2183	48	0
203	716	60	0
203	3936	86	0
203	1058	103	0
203	177	125	0
204	3092	0	0
204	4063	247	0
204	2790	836	0
205	3616	0	0
205	4063	304	0
206	4128	0	0
206	3246	259	0
206	3179	773	0
206	53	1219	0
207	4162	0	0
207	1660	213	0
207	4128	820	0
208	4211	175	193
208	4417	223	245
208	4407	295	325
208	1977	337	371
208	3973	345	380
208	1978	356	392
208	1971	382	420
208	600	423	465
208	4413	449	494
208	1555	467	514
208	4402	487	536
208	4153	515	567
208	1677	546	601
208	878	583	641
208	4410	616	678
208	1794	633	696
208	3827	656	722
208	3965	683	751
208	3671	696	766
208	1608	728	801
209	1608	620	682
209	1961	642	706
209	3249	653	718
209	1181	695	765
209	923	778	856
209	4415	795	875
209	1366	824	906
209	2435	825	908
209	2759	837	921
209	4406	854	939
209	2381	862	948
209	2382	876	964
209	4456	883	971
209	953	928	1021
209	1756	954	1049
209	3751	971	1068
209	2075	1002	1102
209	859	1017	1119
209	858	1031	1134
209	1816	1057	1163
210	1996	1065	0
210	437	1086	0
210	1274	1108	0
210	185	1129	0
210	2917	1158	0
211	2917	1158	0
211	2803	1266	0
211	3873	1531	0
212	3873	1531	0
212	2220	1804	0
212	2834	1908	0
213	384	2945	0
213	389	3150	0
213	2834	3538	0
214	1565	1944	0
214	2367	2172	0
214	2788	2360	0
214	384	2945	0
215	1116	1766	0
215	2638	1881	0
215	1565	1944	0